Fitter report for ece2072_project_x72
Sat Oct 12 11:41:10 2024
Quartus Prime Version 18.1.0 Build 625 09/12/2018 SJ Lite Edition


---------------------
; Table of Contents ;
---------------------
  1. Legal Notice
  2. Fitter Summary
  3. Fitter Settings
  4. Parallel Compilation
  5. Ignored Assignments
  6. Incremental Compilation Preservation Summary
  7. Incremental Compilation Partition Settings
  8. Incremental Compilation Placement Preservation
  9. Pin-Out File
 10. Fitter Resource Usage Summary
 11. Fitter Partition Statistics
 12. Input Pins
 13. Output Pins
 14. Dual Purpose and Dedicated Pins
 15. I/O Bank Usage
 16. All Package Pins
 17. I/O Assignment Warnings
 18. Fitter Resource Utilization by Entity
 19. Delay Chain Summary
 20. Pad To Core Delay Chain Fanout
 21. Control Signals
 22. Global & Other Fast Signals
 23. Routing Usage Summary
 24. LAB Logic Elements
 25. LAB-wide Signals
 26. LAB Signals Sourced
 27. LAB Signals Sourced Out
 28. LAB Distinct Inputs
 29. I/O Rules Summary
 30. I/O Rules Details
 31. I/O Rules Matrix
 32. Fitter Device Options
 33. Operating Settings and Conditions
 34. Estimated Delay Added for Hold Timing Summary
 35. Estimated Delay Added for Hold Timing Details
 36. Fitter Messages
 37. Fitter Suppressed Messages



----------------
; Legal Notice ;
----------------
Copyright (C) 2018  Intel Corporation. All rights reserved.
Your use of Intel Corporation's design tools, logic functions 
and other software and tools, and its AMPP partner logic 
functions, and any output files from any of the foregoing 
(including device programming or simulation files), and any 
associated documentation or information are expressly subject 
to the terms and conditions of the Intel Program License 
Subscription Agreement, the Intel Quartus Prime License Agreement,
the Intel FPGA IP License Agreement, or other applicable license
agreement, including, without limitation, that your use is for
the sole purpose of programming logic devices manufactured by
Intel and sold by Intel or its authorized distributors.  Please
refer to the applicable agreement for further details.



+----------------------------------------------------------------------------------+
; Fitter Summary                                                                   ;
+------------------------------------+---------------------------------------------+
; Fitter Status                      ; Successful - Sat Oct 12 11:41:10 2024       ;
; Quartus Prime Version              ; 18.1.0 Build 625 09/12/2018 SJ Lite Edition ;
; Revision Name                      ; ece2072_project_x72                         ;
; Top-level Entity Name              ; proc_inst                                   ;
; Family                             ; MAX 10                                      ;
; Device                             ; 10M50DAF484C7G                              ;
; Timing Models                      ; Final                                       ;
; Total logic elements               ; 319 / 49,760 ( < 1 % )                      ;
;     Total combinational functions  ; 261 / 49,760 ( < 1 % )                      ;
;     Dedicated logic registers      ; 173 / 49,760 ( < 1 % )                      ;
; Total registers                    ; 173                                         ;
; Total pins                         ; 28 / 360 ( 8 % )                            ;
; Total virtual pins                 ; 0                                           ;
; Total memory bits                  ; 0 / 1,677,312 ( 0 % )                       ;
; Embedded Multiplier 9-bit elements ; 0 / 288 ( 0 % )                             ;
; Total PLLs                         ; 0 / 4 ( 0 % )                               ;
; UFM blocks                         ; 0 / 1 ( 0 % )                               ;
; ADC blocks                         ; 0 / 2 ( 0 % )                               ;
+------------------------------------+---------------------------------------------+


+----------------------------------------------------------------------------------------------------------------------------------------------------+
; Fitter Settings                                                                                                                                    ;
+--------------------------------------------------------------------+---------------------------------------+---------------------------------------+
; Option                                                             ; Setting                               ; Default Value                         ;
+--------------------------------------------------------------------+---------------------------------------+---------------------------------------+
; Device                                                             ; 10M50DAF484C7G                        ;                                       ;
; Minimum Core Junction Temperature                                  ; 0                                     ;                                       ;
; Maximum Core Junction Temperature                                  ; 85                                    ;                                       ;
; Fit Attempts to Skip                                               ; 0                                     ; 0.0                                   ;
; Use smart compilation                                              ; Off                                   ; Off                                   ;
; Enable parallel Assembler and Timing Analyzer during compilation   ; On                                    ; On                                    ;
; Enable compact report table                                        ; Off                                   ; Off                                   ;
; Auto Merge PLLs                                                    ; On                                    ; On                                    ;
; Router Timing Optimization Level                                   ; Normal                                ; Normal                                ;
; Perform Clocking Topology Analysis During Routing                  ; Off                                   ; Off                                   ;
; Placement Effort Multiplier                                        ; 1.0                                   ; 1.0                                   ;
; Router Effort Multiplier                                           ; 1.0                                   ; 1.0                                   ;
; Optimize Hold Timing                                               ; All Paths                             ; All Paths                             ;
; Optimize Multi-Corner Timing                                       ; On                                    ; On                                    ;
; Power Optimization During Fitting                                  ; Normal compilation                    ; Normal compilation                    ;
; SSN Optimization                                                   ; Off                                   ; Off                                   ;
; Optimize Timing                                                    ; Normal compilation                    ; Normal compilation                    ;
; Optimize Timing for ECOs                                           ; Off                                   ; Off                                   ;
; Regenerate Full Fit Report During ECO Compiles                     ; Off                                   ; Off                                   ;
; Optimize IOC Register Placement for Timing                         ; Normal                                ; Normal                                ;
; Final Placement Optimizations                                      ; Automatically                         ; Automatically                         ;
; Fitter Initial Placement Seed                                      ; 1                                     ; 1                                     ;
; Periphery to Core Placement and Routing Optimization               ; Off                                   ; Off                                   ;
; PCI I/O                                                            ; Off                                   ; Off                                   ;
; Weak Pull-Up Resistor                                              ; Off                                   ; Off                                   ;
; Enable Bus-Hold Circuitry                                          ; Off                                   ; Off                                   ;
; Auto Packed Registers                                              ; Auto                                  ; Auto                                  ;
; Auto Delay Chains                                                  ; On                                    ; On                                    ;
; Auto Delay Chains for High Fanout Input Pins                       ; Off                                   ; Off                                   ;
; Allow Single-ended Buffer for Differential-XSTL Input              ; Off                                   ; Off                                   ;
; Treat Bidirectional Pin as Output Pin                              ; Off                                   ; Off                                   ;
; Perform Physical Synthesis for Combinational Logic for Fitting     ; Off                                   ; Off                                   ;
; Perform Physical Synthesis for Combinational Logic for Performance ; Off                                   ; Off                                   ;
; Perform Register Duplication for Performance                       ; Off                                   ; Off                                   ;
; Perform Logic to Memory Mapping for Fitting                        ; Off                                   ; Off                                   ;
; Perform Register Retiming for Performance                          ; Off                                   ; Off                                   ;
; Perform Asynchronous Signal Pipelining                             ; Off                                   ; Off                                   ;
; Fitter Effort                                                      ; Auto Fit                              ; Auto Fit                              ;
; Physical Synthesis Effort Level                                    ; Normal                                ; Normal                                ;
; Logic Cell Insertion - Logic Duplication                           ; Auto                                  ; Auto                                  ;
; Auto Register Duplication                                          ; Auto                                  ; Auto                                  ;
; Auto Global Clock                                                  ; On                                    ; On                                    ;
; Auto Global Register Control Signals                               ; On                                    ; On                                    ;
; Reserve all unused pins                                            ; As input tri-stated with weak pull-up ; As input tri-stated with weak pull-up ;
; Synchronizer Identification                                        ; Auto                                  ; Auto                                  ;
; Enable Beneficial Skew Optimization                                ; On                                    ; On                                    ;
; Optimize Design for Metastability                                  ; On                                    ; On                                    ;
; Force Fitter to Avoid Periphery Placement Warnings                 ; Off                                   ; Off                                   ;
; Enable input tri-state on active configuration pins in user mode   ; Off                                   ; Off                                   ;
+--------------------------------------------------------------------+---------------------------------------+---------------------------------------+


+------------------------------------------+
; Parallel Compilation                     ;
+----------------------------+-------------+
; Processors                 ; Number      ;
+----------------------------+-------------+
; Number detected on machine ; 8           ;
; Maximum allowed            ; 4           ;
;                            ;             ;
; Average used               ; 1.10        ;
; Maximum used               ; 4           ;
;                            ;             ;
; Usage by Processor         ; % Time Used ;
;     Processor 1            ; 100.0%      ;
;     Processor 2            ;   3.4%      ;
;     Processor 3            ;   3.4%      ;
;     Processor 4            ;   3.4%      ;
+----------------------------+-------------+


+-------------------------------------------------------------------------------------------------+
; Ignored Assignments                                                                             ;
+--------------+----------------+--------------+-----------------+---------------+----------------+
; Name         ; Ignored Entity ; Ignored From ; Ignored To      ; Ignored Value ; Ignored Source ;
+--------------+----------------+--------------+-----------------+---------------+----------------+
; Location     ;                ;              ; ADC_CLK_10      ; PIN_N5        ; QSF Assignment ;
; Location     ;                ;              ; ARDUINO_IO[10]  ; PIN_AB19      ; QSF Assignment ;
; Location     ;                ;              ; ARDUINO_IO[11]  ; PIN_AA19      ; QSF Assignment ;
; Location     ;                ;              ; ARDUINO_IO[12]  ; PIN_Y19       ; QSF Assignment ;
; Location     ;                ;              ; ARDUINO_IO[13]  ; PIN_AB20      ; QSF Assignment ;
; Location     ;                ;              ; ARDUINO_IO[14]  ; PIN_AB21      ; QSF Assignment ;
; Location     ;                ;              ; ARDUINO_IO[15]  ; PIN_AA20      ; QSF Assignment ;
; Location     ;                ;              ; ARDUINO_IO[2]   ; PIN_AB7       ; QSF Assignment ;
; Location     ;                ;              ; ARDUINO_IO[3]   ; PIN_AB8       ; QSF Assignment ;
; Location     ;                ;              ; ARDUINO_IO[4]   ; PIN_AB9       ; QSF Assignment ;
; Location     ;                ;              ; ARDUINO_IO[5]   ; PIN_Y10       ; QSF Assignment ;
; Location     ;                ;              ; ARDUINO_IO[6]   ; PIN_AA11      ; QSF Assignment ;
; Location     ;                ;              ; ARDUINO_IO[7]   ; PIN_AA12      ; QSF Assignment ;
; Location     ;                ;              ; ARDUINO_IO[8]   ; PIN_AB17      ; QSF Assignment ;
; Location     ;                ;              ; ARDUINO_IO[9]   ; PIN_AA17      ; QSF Assignment ;
; Location     ;                ;              ; ARDUINO_RESET_N ; PIN_F16       ; QSF Assignment ;
; Location     ;                ;              ; CLOCK_50        ; PIN_P11       ; QSF Assignment ;
; Location     ;                ;              ; DRAM_ADDR[0]    ; PIN_U17       ; QSF Assignment ;
; Location     ;                ;              ; DRAM_ADDR[10]   ; PIN_T20       ; QSF Assignment ;
; Location     ;                ;              ; DRAM_ADDR[11]   ; PIN_P20       ; QSF Assignment ;
; Location     ;                ;              ; DRAM_ADDR[12]   ; PIN_R20       ; QSF Assignment ;
; Location     ;                ;              ; DRAM_ADDR[1]    ; PIN_W19       ; QSF Assignment ;
; Location     ;                ;              ; DRAM_ADDR[2]    ; PIN_V18       ; QSF Assignment ;
; Location     ;                ;              ; DRAM_ADDR[3]    ; PIN_U18       ; QSF Assignment ;
; Location     ;                ;              ; DRAM_ADDR[4]    ; PIN_U19       ; QSF Assignment ;
; Location     ;                ;              ; DRAM_ADDR[5]    ; PIN_T18       ; QSF Assignment ;
; Location     ;                ;              ; DRAM_ADDR[6]    ; PIN_T19       ; QSF Assignment ;
; Location     ;                ;              ; DRAM_ADDR[7]    ; PIN_R18       ; QSF Assignment ;
; Location     ;                ;              ; DRAM_ADDR[8]    ; PIN_P18       ; QSF Assignment ;
; Location     ;                ;              ; DRAM_ADDR[9]    ; PIN_P19       ; QSF Assignment ;
; Location     ;                ;              ; DRAM_BA[0]      ; PIN_T21       ; QSF Assignment ;
; Location     ;                ;              ; DRAM_BA[1]      ; PIN_T22       ; QSF Assignment ;
; Location     ;                ;              ; DRAM_CAS_N      ; PIN_U21       ; QSF Assignment ;
; Location     ;                ;              ; DRAM_CKE        ; PIN_N22       ; QSF Assignment ;
; Location     ;                ;              ; DRAM_CLK        ; PIN_L14       ; QSF Assignment ;
; Location     ;                ;              ; DRAM_CS_N       ; PIN_U20       ; QSF Assignment ;
; Location     ;                ;              ; DRAM_DQ[0]      ; PIN_Y21       ; QSF Assignment ;
; Location     ;                ;              ; DRAM_DQ[10]     ; PIN_H21       ; QSF Assignment ;
; Location     ;                ;              ; DRAM_DQ[11]     ; PIN_H22       ; QSF Assignment ;
; Location     ;                ;              ; DRAM_DQ[12]     ; PIN_G22       ; QSF Assignment ;
; Location     ;                ;              ; DRAM_DQ[13]     ; PIN_G20       ; QSF Assignment ;
; Location     ;                ;              ; DRAM_DQ[14]     ; PIN_G19       ; QSF Assignment ;
; Location     ;                ;              ; DRAM_DQ[15]     ; PIN_F22       ; QSF Assignment ;
; Location     ;                ;              ; DRAM_DQ[1]      ; PIN_Y20       ; QSF Assignment ;
; Location     ;                ;              ; DRAM_DQ[2]      ; PIN_AA22      ; QSF Assignment ;
; Location     ;                ;              ; DRAM_DQ[3]      ; PIN_AA21      ; QSF Assignment ;
; Location     ;                ;              ; DRAM_DQ[4]      ; PIN_Y22       ; QSF Assignment ;
; Location     ;                ;              ; DRAM_DQ[5]      ; PIN_W22       ; QSF Assignment ;
; Location     ;                ;              ; DRAM_DQ[6]      ; PIN_W20       ; QSF Assignment ;
; Location     ;                ;              ; DRAM_DQ[7]      ; PIN_V21       ; QSF Assignment ;
; Location     ;                ;              ; DRAM_DQ[8]      ; PIN_P21       ; QSF Assignment ;
; Location     ;                ;              ; DRAM_DQ[9]      ; PIN_J22       ; QSF Assignment ;
; Location     ;                ;              ; DRAM_LDQM       ; PIN_V22       ; QSF Assignment ;
; Location     ;                ;              ; DRAM_RAS_N      ; PIN_U22       ; QSF Assignment ;
; Location     ;                ;              ; DRAM_UDQM       ; PIN_J21       ; QSF Assignment ;
; Location     ;                ;              ; DRAM_WE_N       ; PIN_V20       ; QSF Assignment ;
; Location     ;                ;              ; GPIO[0]         ; PIN_V10       ; QSF Assignment ;
; Location     ;                ;              ; GPIO[10]        ; PIN_W5        ; QSF Assignment ;
; Location     ;                ;              ; GPIO[11]        ; PIN_AA15      ; QSF Assignment ;
; Location     ;                ;              ; GPIO[12]        ; PIN_AA14      ; QSF Assignment ;
; Location     ;                ;              ; GPIO[13]        ; PIN_W13       ; QSF Assignment ;
; Location     ;                ;              ; GPIO[14]        ; PIN_W12       ; QSF Assignment ;
; Location     ;                ;              ; GPIO[15]        ; PIN_AB13      ; QSF Assignment ;
; Location     ;                ;              ; GPIO[16]        ; PIN_AB12      ; QSF Assignment ;
; Location     ;                ;              ; GPIO[17]        ; PIN_Y11       ; QSF Assignment ;
; Location     ;                ;              ; GPIO[18]        ; PIN_AB11      ; QSF Assignment ;
; Location     ;                ;              ; GPIO[19]        ; PIN_W11       ; QSF Assignment ;
; Location     ;                ;              ; GPIO[1]         ; PIN_W10       ; QSF Assignment ;
; Location     ;                ;              ; GPIO[20]        ; PIN_AB10      ; QSF Assignment ;
; Location     ;                ;              ; GPIO[21]        ; PIN_AA10      ; QSF Assignment ;
; Location     ;                ;              ; GPIO[22]        ; PIN_AA9       ; QSF Assignment ;
; Location     ;                ;              ; GPIO[23]        ; PIN_Y8        ; QSF Assignment ;
; Location     ;                ;              ; GPIO[24]        ; PIN_AA8       ; QSF Assignment ;
; Location     ;                ;              ; GPIO[25]        ; PIN_Y7        ; QSF Assignment ;
; Location     ;                ;              ; GPIO[26]        ; PIN_AA7       ; QSF Assignment ;
; Location     ;                ;              ; GPIO[27]        ; PIN_Y6        ; QSF Assignment ;
; Location     ;                ;              ; GPIO[28]        ; PIN_AA6       ; QSF Assignment ;
; Location     ;                ;              ; GPIO[29]        ; PIN_Y5        ; QSF Assignment ;
; Location     ;                ;              ; GPIO[2]         ; PIN_V9        ; QSF Assignment ;
; Location     ;                ;              ; GPIO[30]        ; PIN_AA5       ; QSF Assignment ;
; Location     ;                ;              ; GPIO[31]        ; PIN_Y4        ; QSF Assignment ;
; Location     ;                ;              ; GPIO[32]        ; PIN_AB3       ; QSF Assignment ;
; Location     ;                ;              ; GPIO[33]        ; PIN_Y3        ; QSF Assignment ;
; Location     ;                ;              ; GPIO[34]        ; PIN_AB2       ; QSF Assignment ;
; Location     ;                ;              ; GPIO[35]        ; PIN_AA2       ; QSF Assignment ;
; Location     ;                ;              ; GPIO[3]         ; PIN_W9        ; QSF Assignment ;
; Location     ;                ;              ; GPIO[4]         ; PIN_V8        ; QSF Assignment ;
; Location     ;                ;              ; GPIO[5]         ; PIN_W8        ; QSF Assignment ;
; Location     ;                ;              ; GPIO[6]         ; PIN_V7        ; QSF Assignment ;
; Location     ;                ;              ; GPIO[7]         ; PIN_W7        ; QSF Assignment ;
; Location     ;                ;              ; GPIO[8]         ; PIN_W6        ; QSF Assignment ;
; Location     ;                ;              ; GPIO[9]         ; PIN_V5        ; QSF Assignment ;
; Location     ;                ;              ; GSENSOR_CS_N    ; PIN_AB16      ; QSF Assignment ;
; Location     ;                ;              ; GSENSOR_INT[1]  ; PIN_Y14       ; QSF Assignment ;
; Location     ;                ;              ; GSENSOR_INT[2]  ; PIN_Y13       ; QSF Assignment ;
; Location     ;                ;              ; GSENSOR_SCLK    ; PIN_AB15      ; QSF Assignment ;
; Location     ;                ;              ; GSENSOR_SDI     ; PIN_V11       ; QSF Assignment ;
; Location     ;                ;              ; GSENSOR_SDO     ; PIN_V12       ; QSF Assignment ;
; Location     ;                ;              ; HEX0[0]         ; PIN_C14       ; QSF Assignment ;
; Location     ;                ;              ; HEX0[1]         ; PIN_E15       ; QSF Assignment ;
; Location     ;                ;              ; HEX0[2]         ; PIN_C15       ; QSF Assignment ;
; Location     ;                ;              ; HEX0[3]         ; PIN_C16       ; QSF Assignment ;
; Location     ;                ;              ; HEX0[4]         ; PIN_E16       ; QSF Assignment ;
; Location     ;                ;              ; HEX0[5]         ; PIN_D17       ; QSF Assignment ;
; Location     ;                ;              ; HEX0[6]         ; PIN_C17       ; QSF Assignment ;
; Location     ;                ;              ; HEX0[7]         ; PIN_D15       ; QSF Assignment ;
; Location     ;                ;              ; HEX1[0]         ; PIN_C18       ; QSF Assignment ;
; Location     ;                ;              ; HEX1[1]         ; PIN_D18       ; QSF Assignment ;
; Location     ;                ;              ; HEX1[2]         ; PIN_E18       ; QSF Assignment ;
; Location     ;                ;              ; HEX1[3]         ; PIN_B16       ; QSF Assignment ;
; Location     ;                ;              ; HEX1[4]         ; PIN_A17       ; QSF Assignment ;
; Location     ;                ;              ; HEX1[5]         ; PIN_A18       ; QSF Assignment ;
; Location     ;                ;              ; HEX1[6]         ; PIN_B17       ; QSF Assignment ;
; Location     ;                ;              ; HEX1[7]         ; PIN_A16       ; QSF Assignment ;
; Location     ;                ;              ; HEX2[0]         ; PIN_B20       ; QSF Assignment ;
; Location     ;                ;              ; HEX2[1]         ; PIN_A20       ; QSF Assignment ;
; Location     ;                ;              ; HEX2[2]         ; PIN_B19       ; QSF Assignment ;
; Location     ;                ;              ; HEX2[3]         ; PIN_A21       ; QSF Assignment ;
; Location     ;                ;              ; HEX2[4]         ; PIN_B21       ; QSF Assignment ;
; Location     ;                ;              ; HEX2[5]         ; PIN_C22       ; QSF Assignment ;
; Location     ;                ;              ; HEX2[6]         ; PIN_B22       ; QSF Assignment ;
; Location     ;                ;              ; HEX2[7]         ; PIN_A19       ; QSF Assignment ;
; Location     ;                ;              ; HEX3[0]         ; PIN_F21       ; QSF Assignment ;
; Location     ;                ;              ; HEX3[1]         ; PIN_E22       ; QSF Assignment ;
; Location     ;                ;              ; HEX3[2]         ; PIN_E21       ; QSF Assignment ;
; Location     ;                ;              ; HEX3[3]         ; PIN_C19       ; QSF Assignment ;
; Location     ;                ;              ; HEX3[4]         ; PIN_C20       ; QSF Assignment ;
; Location     ;                ;              ; HEX3[5]         ; PIN_D19       ; QSF Assignment ;
; Location     ;                ;              ; HEX3[6]         ; PIN_E17       ; QSF Assignment ;
; Location     ;                ;              ; HEX3[7]         ; PIN_D22       ; QSF Assignment ;
; Location     ;                ;              ; HEX4[0]         ; PIN_F18       ; QSF Assignment ;
; Location     ;                ;              ; HEX4[1]         ; PIN_E20       ; QSF Assignment ;
; Location     ;                ;              ; HEX4[2]         ; PIN_E19       ; QSF Assignment ;
; Location     ;                ;              ; HEX4[3]         ; PIN_J18       ; QSF Assignment ;
; Location     ;                ;              ; HEX4[4]         ; PIN_H19       ; QSF Assignment ;
; Location     ;                ;              ; HEX4[5]         ; PIN_F19       ; QSF Assignment ;
; Location     ;                ;              ; HEX4[6]         ; PIN_F20       ; QSF Assignment ;
; Location     ;                ;              ; HEX4[7]         ; PIN_F17       ; QSF Assignment ;
; Location     ;                ;              ; HEX5[7]         ; PIN_L19       ; QSF Assignment ;
; Location     ;                ;              ; MAX10_CLK2_50   ; PIN_N14       ; QSF Assignment ;
; Location     ;                ;              ; SW[9]           ; PIN_F15       ; QSF Assignment ;
; Location     ;                ;              ; UART_RXD        ; PIN_AB5       ; QSF Assignment ;
; Location     ;                ;              ; UART_TXD        ; PIN_AB6       ; QSF Assignment ;
; Location     ;                ;              ; VGA_B[0]        ; PIN_P1        ; QSF Assignment ;
; Location     ;                ;              ; VGA_B[1]        ; PIN_T1        ; QSF Assignment ;
; Location     ;                ;              ; VGA_B[2]        ; PIN_P4        ; QSF Assignment ;
; Location     ;                ;              ; VGA_B[3]        ; PIN_N2        ; QSF Assignment ;
; Location     ;                ;              ; VGA_G[0]        ; PIN_W1        ; QSF Assignment ;
; Location     ;                ;              ; VGA_G[1]        ; PIN_T2        ; QSF Assignment ;
; Location     ;                ;              ; VGA_G[2]        ; PIN_R2        ; QSF Assignment ;
; Location     ;                ;              ; VGA_G[3]        ; PIN_R1        ; QSF Assignment ;
; Location     ;                ;              ; VGA_HS          ; PIN_N3        ; QSF Assignment ;
; Location     ;                ;              ; VGA_R[0]        ; PIN_AA1       ; QSF Assignment ;
; Location     ;                ;              ; VGA_R[1]        ; PIN_V1        ; QSF Assignment ;
; Location     ;                ;              ; VGA_R[2]        ; PIN_Y2        ; QSF Assignment ;
; Location     ;                ;              ; VGA_R[3]        ; PIN_Y1        ; QSF Assignment ;
; Location     ;                ;              ; VGA_VS          ; PIN_N1        ; QSF Assignment ;
; I/O Standard ; proc_inst      ;              ; ADC_CLK_10      ; 3.3-V LVTTL   ; QSF Assignment ;
; I/O Standard ; proc_inst      ;              ; ARDUINO_IO[10]  ; 3.3-V LVTTL   ; QSF Assignment ;
; I/O Standard ; proc_inst      ;              ; ARDUINO_IO[11]  ; 3.3-V LVTTL   ; QSF Assignment ;
; I/O Standard ; proc_inst      ;              ; ARDUINO_IO[12]  ; 3.3-V LVTTL   ; QSF Assignment ;
; I/O Standard ; proc_inst      ;              ; ARDUINO_IO[13]  ; 3.3-V LVTTL   ; QSF Assignment ;
; I/O Standard ; proc_inst      ;              ; ARDUINO_IO[14]  ; 3.3-V LVTTL   ; QSF Assignment ;
; I/O Standard ; proc_inst      ;              ; ARDUINO_IO[15]  ; 3.3-V LVTTL   ; QSF Assignment ;
; I/O Standard ; proc_inst      ;              ; ARDUINO_IO[2]   ; 3.3-V LVTTL   ; QSF Assignment ;
; I/O Standard ; proc_inst      ;              ; ARDUINO_IO[3]   ; 3.3-V LVTTL   ; QSF Assignment ;
; I/O Standard ; proc_inst      ;              ; ARDUINO_IO[4]   ; 3.3-V LVTTL   ; QSF Assignment ;
; I/O Standard ; proc_inst      ;              ; ARDUINO_IO[5]   ; 3.3-V LVTTL   ; QSF Assignment ;
; I/O Standard ; proc_inst      ;              ; ARDUINO_IO[6]   ; 3.3-V LVTTL   ; QSF Assignment ;
; I/O Standard ; proc_inst      ;              ; ARDUINO_IO[7]   ; 3.3-V LVTTL   ; QSF Assignment ;
; I/O Standard ; proc_inst      ;              ; ARDUINO_IO[8]   ; 3.3-V LVTTL   ; QSF Assignment ;
; I/O Standard ; proc_inst      ;              ; ARDUINO_IO[9]   ; 3.3-V LVTTL   ; QSF Assignment ;
; I/O Standard ; proc_inst      ;              ; ARDUINO_RESET_N ; 3.3-V LVTTL   ; QSF Assignment ;
; I/O Standard ; proc_inst      ;              ; CLOCK_50        ; 3.3-V LVTTL   ; QSF Assignment ;
; I/O Standard ; proc_inst      ;              ; DRAM_ADDR[0]    ; 3.3-V LVTTL   ; QSF Assignment ;
; I/O Standard ; proc_inst      ;              ; DRAM_ADDR[10]   ; 3.3-V LVTTL   ; QSF Assignment ;
; I/O Standard ; proc_inst      ;              ; DRAM_ADDR[11]   ; 3.3-V LVTTL   ; QSF Assignment ;
; I/O Standard ; proc_inst      ;              ; DRAM_ADDR[12]   ; 3.3-V LVTTL   ; QSF Assignment ;
; I/O Standard ; proc_inst      ;              ; DRAM_ADDR[1]    ; 3.3-V LVTTL   ; QSF Assignment ;
; I/O Standard ; proc_inst      ;              ; DRAM_ADDR[2]    ; 3.3-V LVTTL   ; QSF Assignment ;
; I/O Standard ; proc_inst      ;              ; DRAM_ADDR[3]    ; 3.3-V LVTTL   ; QSF Assignment ;
; I/O Standard ; proc_inst      ;              ; DRAM_ADDR[4]    ; 3.3-V LVTTL   ; QSF Assignment ;
; I/O Standard ; proc_inst      ;              ; DRAM_ADDR[5]    ; 3.3-V LVTTL   ; QSF Assignment ;
; I/O Standard ; proc_inst      ;              ; DRAM_ADDR[6]    ; 3.3-V LVTTL   ; QSF Assignment ;
; I/O Standard ; proc_inst      ;              ; DRAM_ADDR[7]    ; 3.3-V LVTTL   ; QSF Assignment ;
; I/O Standard ; proc_inst      ;              ; DRAM_ADDR[8]    ; 3.3-V LVTTL   ; QSF Assignment ;
; I/O Standard ; proc_inst      ;              ; DRAM_ADDR[9]    ; 3.3-V LVTTL   ; QSF Assignment ;
; I/O Standard ; proc_inst      ;              ; DRAM_BA[0]      ; 3.3-V LVTTL   ; QSF Assignment ;
; I/O Standard ; proc_inst      ;              ; DRAM_BA[1]      ; 3.3-V LVTTL   ; QSF Assignment ;
; I/O Standard ; proc_inst      ;              ; DRAM_CAS_N      ; 3.3-V LVTTL   ; QSF Assignment ;
; I/O Standard ; proc_inst      ;              ; DRAM_CKE        ; 3.3-V LVTTL   ; QSF Assignment ;
; I/O Standard ; proc_inst      ;              ; DRAM_CLK        ; 3.3-V LVTTL   ; QSF Assignment ;
; I/O Standard ; proc_inst      ;              ; DRAM_CS_N       ; 3.3-V LVTTL   ; QSF Assignment ;
; I/O Standard ; proc_inst      ;              ; DRAM_DQ[0]      ; 3.3-V LVTTL   ; QSF Assignment ;
; I/O Standard ; proc_inst      ;              ; DRAM_DQ[10]     ; 3.3-V LVTTL   ; QSF Assignment ;
; I/O Standard ; proc_inst      ;              ; DRAM_DQ[11]     ; 3.3-V LVTTL   ; QSF Assignment ;
; I/O Standard ; proc_inst      ;              ; DRAM_DQ[12]     ; 3.3-V LVTTL   ; QSF Assignment ;
; I/O Standard ; proc_inst      ;              ; DRAM_DQ[13]     ; 3.3-V LVTTL   ; QSF Assignment ;
; I/O Standard ; proc_inst      ;              ; DRAM_DQ[14]     ; 3.3-V LVTTL   ; QSF Assignment ;
; I/O Standard ; proc_inst      ;              ; DRAM_DQ[15]     ; 3.3-V LVTTL   ; QSF Assignment ;
; I/O Standard ; proc_inst      ;              ; DRAM_DQ[1]      ; 3.3-V LVTTL   ; QSF Assignment ;
; I/O Standard ; proc_inst      ;              ; DRAM_DQ[2]      ; 3.3-V LVTTL   ; QSF Assignment ;
; I/O Standard ; proc_inst      ;              ; DRAM_DQ[3]      ; 3.3-V LVTTL   ; QSF Assignment ;
; I/O Standard ; proc_inst      ;              ; DRAM_DQ[4]      ; 3.3-V LVTTL   ; QSF Assignment ;
; I/O Standard ; proc_inst      ;              ; DRAM_DQ[5]      ; 3.3-V LVTTL   ; QSF Assignment ;
; I/O Standard ; proc_inst      ;              ; DRAM_DQ[6]      ; 3.3-V LVTTL   ; QSF Assignment ;
; I/O Standard ; proc_inst      ;              ; DRAM_DQ[7]      ; 3.3-V LVTTL   ; QSF Assignment ;
; I/O Standard ; proc_inst      ;              ; DRAM_DQ[8]      ; 3.3-V LVTTL   ; QSF Assignment ;
; I/O Standard ; proc_inst      ;              ; DRAM_DQ[9]      ; 3.3-V LVTTL   ; QSF Assignment ;
; I/O Standard ; proc_inst      ;              ; DRAM_LDQM       ; 3.3-V LVTTL   ; QSF Assignment ;
; I/O Standard ; proc_inst      ;              ; DRAM_RAS_N      ; 3.3-V LVTTL   ; QSF Assignment ;
; I/O Standard ; proc_inst      ;              ; DRAM_UDQM       ; 3.3-V LVTTL   ; QSF Assignment ;
; I/O Standard ; proc_inst      ;              ; DRAM_WE_N       ; 3.3-V LVTTL   ; QSF Assignment ;
; I/O Standard ; proc_inst      ;              ; GPIO[0]         ; 3.3-V LVTTL   ; QSF Assignment ;
; I/O Standard ; proc_inst      ;              ; GPIO[10]        ; 3.3-V LVTTL   ; QSF Assignment ;
; I/O Standard ; proc_inst      ;              ; GPIO[11]        ; 3.3-V LVTTL   ; QSF Assignment ;
; I/O Standard ; proc_inst      ;              ; GPIO[12]        ; 3.3-V LVTTL   ; QSF Assignment ;
; I/O Standard ; proc_inst      ;              ; GPIO[13]        ; 3.3-V LVTTL   ; QSF Assignment ;
; I/O Standard ; proc_inst      ;              ; GPIO[14]        ; 3.3-V LVTTL   ; QSF Assignment ;
; I/O Standard ; proc_inst      ;              ; GPIO[15]        ; 3.3-V LVTTL   ; QSF Assignment ;
; I/O Standard ; proc_inst      ;              ; GPIO[16]        ; 3.3-V LVTTL   ; QSF Assignment ;
; I/O Standard ; proc_inst      ;              ; GPIO[17]        ; 3.3-V LVTTL   ; QSF Assignment ;
; I/O Standard ; proc_inst      ;              ; GPIO[18]        ; 3.3-V LVTTL   ; QSF Assignment ;
; I/O Standard ; proc_inst      ;              ; GPIO[19]        ; 3.3-V LVTTL   ; QSF Assignment ;
; I/O Standard ; proc_inst      ;              ; GPIO[1]         ; 3.3-V LVTTL   ; QSF Assignment ;
; I/O Standard ; proc_inst      ;              ; GPIO[20]        ; 3.3-V LVTTL   ; QSF Assignment ;
; I/O Standard ; proc_inst      ;              ; GPIO[21]        ; 3.3-V LVTTL   ; QSF Assignment ;
; I/O Standard ; proc_inst      ;              ; GPIO[22]        ; 3.3-V LVTTL   ; QSF Assignment ;
; I/O Standard ; proc_inst      ;              ; GPIO[23]        ; 3.3-V LVTTL   ; QSF Assignment ;
; I/O Standard ; proc_inst      ;              ; GPIO[24]        ; 3.3-V LVTTL   ; QSF Assignment ;
; I/O Standard ; proc_inst      ;              ; GPIO[25]        ; 3.3-V LVTTL   ; QSF Assignment ;
; I/O Standard ; proc_inst      ;              ; GPIO[26]        ; 3.3-V LVTTL   ; QSF Assignment ;
; I/O Standard ; proc_inst      ;              ; GPIO[27]        ; 3.3-V LVTTL   ; QSF Assignment ;
; I/O Standard ; proc_inst      ;              ; GPIO[28]        ; 3.3-V LVTTL   ; QSF Assignment ;
; I/O Standard ; proc_inst      ;              ; GPIO[29]        ; 3.3-V LVTTL   ; QSF Assignment ;
; I/O Standard ; proc_inst      ;              ; GPIO[2]         ; 3.3-V LVTTL   ; QSF Assignment ;
; I/O Standard ; proc_inst      ;              ; GPIO[30]        ; 3.3-V LVTTL   ; QSF Assignment ;
; I/O Standard ; proc_inst      ;              ; GPIO[31]        ; 3.3-V LVTTL   ; QSF Assignment ;
; I/O Standard ; proc_inst      ;              ; GPIO[32]        ; 3.3-V LVTTL   ; QSF Assignment ;
; I/O Standard ; proc_inst      ;              ; GPIO[33]        ; 3.3-V LVTTL   ; QSF Assignment ;
; I/O Standard ; proc_inst      ;              ; GPIO[34]        ; 3.3-V LVTTL   ; QSF Assignment ;
; I/O Standard ; proc_inst      ;              ; GPIO[35]        ; 3.3-V LVTTL   ; QSF Assignment ;
; I/O Standard ; proc_inst      ;              ; GPIO[3]         ; 3.3-V LVTTL   ; QSF Assignment ;
; I/O Standard ; proc_inst      ;              ; GPIO[4]         ; 3.3-V LVTTL   ; QSF Assignment ;
; I/O Standard ; proc_inst      ;              ; GPIO[5]         ; 3.3-V LVTTL   ; QSF Assignment ;
; I/O Standard ; proc_inst      ;              ; GPIO[6]         ; 3.3-V LVTTL   ; QSF Assignment ;
; I/O Standard ; proc_inst      ;              ; GPIO[7]         ; 3.3-V LVTTL   ; QSF Assignment ;
; I/O Standard ; proc_inst      ;              ; GPIO[8]         ; 3.3-V LVTTL   ; QSF Assignment ;
; I/O Standard ; proc_inst      ;              ; GPIO[9]         ; 3.3-V LVTTL   ; QSF Assignment ;
; I/O Standard ; proc_inst      ;              ; GSENSOR_CS_N    ; 3.3-V LVTTL   ; QSF Assignment ;
; I/O Standard ; proc_inst      ;              ; GSENSOR_INT[1]  ; 3.3-V LVTTL   ; QSF Assignment ;
; I/O Standard ; proc_inst      ;              ; GSENSOR_INT[2]  ; 3.3-V LVTTL   ; QSF Assignment ;
; I/O Standard ; proc_inst      ;              ; GSENSOR_SCLK    ; 3.3-V LVTTL   ; QSF Assignment ;
; I/O Standard ; proc_inst      ;              ; GSENSOR_SDI     ; 3.3-V LVTTL   ; QSF Assignment ;
; I/O Standard ; proc_inst      ;              ; GSENSOR_SDO     ; 3.3-V LVTTL   ; QSF Assignment ;
; I/O Standard ; proc_inst      ;              ; HEX0[0]         ; 3.3-V LVTTL   ; QSF Assignment ;
; I/O Standard ; proc_inst      ;              ; HEX0[1]         ; 3.3-V LVTTL   ; QSF Assignment ;
; I/O Standard ; proc_inst      ;              ; HEX0[2]         ; 3.3-V LVTTL   ; QSF Assignment ;
; I/O Standard ; proc_inst      ;              ; HEX0[3]         ; 3.3-V LVTTL   ; QSF Assignment ;
; I/O Standard ; proc_inst      ;              ; HEX0[4]         ; 3.3-V LVTTL   ; QSF Assignment ;
; I/O Standard ; proc_inst      ;              ; HEX0[5]         ; 3.3-V LVTTL   ; QSF Assignment ;
; I/O Standard ; proc_inst      ;              ; HEX0[6]         ; 3.3-V LVTTL   ; QSF Assignment ;
; I/O Standard ; proc_inst      ;              ; HEX0[7]         ; 3.3-V LVTTL   ; QSF Assignment ;
; I/O Standard ; proc_inst      ;              ; HEX1[0]         ; 3.3-V LVTTL   ; QSF Assignment ;
; I/O Standard ; proc_inst      ;              ; HEX1[1]         ; 3.3-V LVTTL   ; QSF Assignment ;
; I/O Standard ; proc_inst      ;              ; HEX1[2]         ; 3.3-V LVTTL   ; QSF Assignment ;
; I/O Standard ; proc_inst      ;              ; HEX1[3]         ; 3.3-V LVTTL   ; QSF Assignment ;
; I/O Standard ; proc_inst      ;              ; HEX1[4]         ; 3.3-V LVTTL   ; QSF Assignment ;
; I/O Standard ; proc_inst      ;              ; HEX1[5]         ; 3.3-V LVTTL   ; QSF Assignment ;
; I/O Standard ; proc_inst      ;              ; HEX1[6]         ; 3.3-V LVTTL   ; QSF Assignment ;
; I/O Standard ; proc_inst      ;              ; HEX1[7]         ; 3.3-V LVTTL   ; QSF Assignment ;
; I/O Standard ; proc_inst      ;              ; HEX2[0]         ; 3.3-V LVTTL   ; QSF Assignment ;
; I/O Standard ; proc_inst      ;              ; HEX2[1]         ; 3.3-V LVTTL   ; QSF Assignment ;
; I/O Standard ; proc_inst      ;              ; HEX2[2]         ; 3.3-V LVTTL   ; QSF Assignment ;
; I/O Standard ; proc_inst      ;              ; HEX2[3]         ; 3.3-V LVTTL   ; QSF Assignment ;
; I/O Standard ; proc_inst      ;              ; HEX2[4]         ; 3.3-V LVTTL   ; QSF Assignment ;
; I/O Standard ; proc_inst      ;              ; HEX2[5]         ; 3.3-V LVTTL   ; QSF Assignment ;
; I/O Standard ; proc_inst      ;              ; HEX2[6]         ; 3.3-V LVTTL   ; QSF Assignment ;
; I/O Standard ; proc_inst      ;              ; HEX2[7]         ; 3.3-V LVTTL   ; QSF Assignment ;
; I/O Standard ; proc_inst      ;              ; HEX3[0]         ; 3.3-V LVTTL   ; QSF Assignment ;
; I/O Standard ; proc_inst      ;              ; HEX3[1]         ; 3.3-V LVTTL   ; QSF Assignment ;
; I/O Standard ; proc_inst      ;              ; HEX3[2]         ; 3.3-V LVTTL   ; QSF Assignment ;
; I/O Standard ; proc_inst      ;              ; HEX3[3]         ; 3.3-V LVTTL   ; QSF Assignment ;
; I/O Standard ; proc_inst      ;              ; HEX3[4]         ; 3.3-V LVTTL   ; QSF Assignment ;
; I/O Standard ; proc_inst      ;              ; HEX3[5]         ; 3.3-V LVTTL   ; QSF Assignment ;
; I/O Standard ; proc_inst      ;              ; HEX3[6]         ; 3.3-V LVTTL   ; QSF Assignment ;
; I/O Standard ; proc_inst      ;              ; HEX3[7]         ; 3.3-V LVTTL   ; QSF Assignment ;
; I/O Standard ; proc_inst      ;              ; HEX4[0]         ; 3.3-V LVTTL   ; QSF Assignment ;
; I/O Standard ; proc_inst      ;              ; HEX4[1]         ; 3.3-V LVTTL   ; QSF Assignment ;
; I/O Standard ; proc_inst      ;              ; HEX4[2]         ; 3.3-V LVTTL   ; QSF Assignment ;
; I/O Standard ; proc_inst      ;              ; HEX4[3]         ; 3.3-V LVTTL   ; QSF Assignment ;
; I/O Standard ; proc_inst      ;              ; HEX4[4]         ; 3.3-V LVTTL   ; QSF Assignment ;
; I/O Standard ; proc_inst      ;              ; HEX4[5]         ; 3.3-V LVTTL   ; QSF Assignment ;
; I/O Standard ; proc_inst      ;              ; HEX4[6]         ; 3.3-V LVTTL   ; QSF Assignment ;
; I/O Standard ; proc_inst      ;              ; HEX4[7]         ; 3.3-V LVTTL   ; QSF Assignment ;
; I/O Standard ; proc_inst      ;              ; HEX5[7]         ; 3.3-V LVTTL   ; QSF Assignment ;
; I/O Standard ; proc_inst      ;              ; MAX10_CLK2_50   ; 3.3-V LVTTL   ; QSF Assignment ;
; I/O Standard ; proc_inst      ;              ; SW[9]           ; 3.3-V LVTTL   ; QSF Assignment ;
; I/O Standard ; proc_inst      ;              ; UART_RXD        ; 3.3-V LVTTL   ; QSF Assignment ;
; I/O Standard ; proc_inst      ;              ; UART_TXD        ; 3.3-V LVTTL   ; QSF Assignment ;
; I/O Standard ; proc_inst      ;              ; VGA_B[0]        ; 3.3-V LVTTL   ; QSF Assignment ;
; I/O Standard ; proc_inst      ;              ; VGA_B[1]        ; 3.3-V LVTTL   ; QSF Assignment ;
; I/O Standard ; proc_inst      ;              ; VGA_B[2]        ; 3.3-V LVTTL   ; QSF Assignment ;
; I/O Standard ; proc_inst      ;              ; VGA_B[3]        ; 3.3-V LVTTL   ; QSF Assignment ;
; I/O Standard ; proc_inst      ;              ; VGA_G[0]        ; 3.3-V LVTTL   ; QSF Assignment ;
; I/O Standard ; proc_inst      ;              ; VGA_G[1]        ; 3.3-V LVTTL   ; QSF Assignment ;
; I/O Standard ; proc_inst      ;              ; VGA_G[2]        ; 3.3-V LVTTL   ; QSF Assignment ;
; I/O Standard ; proc_inst      ;              ; VGA_G[3]        ; 3.3-V LVTTL   ; QSF Assignment ;
; I/O Standard ; proc_inst      ;              ; VGA_HS          ; 3.3-V LVTTL   ; QSF Assignment ;
; I/O Standard ; proc_inst      ;              ; VGA_R[0]        ; 3.3-V LVTTL   ; QSF Assignment ;
; I/O Standard ; proc_inst      ;              ; VGA_R[1]        ; 3.3-V LVTTL   ; QSF Assignment ;
; I/O Standard ; proc_inst      ;              ; VGA_R[2]        ; 3.3-V LVTTL   ; QSF Assignment ;
; I/O Standard ; proc_inst      ;              ; VGA_R[3]        ; 3.3-V LVTTL   ; QSF Assignment ;
; I/O Standard ; proc_inst      ;              ; VGA_VS          ; 3.3-V LVTTL   ; QSF Assignment ;
+--------------+----------------+--------------+-----------------+---------------+----------------+


+--------------------------------------------------------------------------------------------------+
; Incremental Compilation Preservation Summary                                                     ;
+---------------------+--------------------+----------------------------+--------------------------+
; Type                ; Total [A + B]      ; From Design Partitions [A] ; From Rapid Recompile [B] ;
+---------------------+--------------------+----------------------------+--------------------------+
; Placement (by node) ;                    ;                            ;                          ;
;     -- Requested    ; 0.00 % ( 0 / 512 ) ; 0.00 % ( 0 / 512 )         ; 0.00 % ( 0 / 512 )       ;
;     -- Achieved     ; 0.00 % ( 0 / 512 ) ; 0.00 % ( 0 / 512 )         ; 0.00 % ( 0 / 512 )       ;
;                     ;                    ;                            ;                          ;
; Routing (by net)    ;                    ;                            ;                          ;
;     -- Requested    ; 0.00 % ( 0 / 0 )   ; 0.00 % ( 0 / 0 )           ; 0.00 % ( 0 / 0 )         ;
;     -- Achieved     ; 0.00 % ( 0 / 0 )   ; 0.00 % ( 0 / 0 )           ; 0.00 % ( 0 / 0 )         ;
+---------------------+--------------------+----------------------------+--------------------------+


+----------------------------------------------------------------------------------------------------------------------------------------------------------------------------------------+
; Incremental Compilation Partition Settings                                                                                                                                             ;
+--------------------------------+----------------+-------------------+-------------------------+------------------------+------------------------------+--------------------------------+
; Partition Name                 ; Partition Type ; Netlist Type Used ; Preservation Level Used ; Netlist Type Requested ; Preservation Level Requested ; Contents                       ;
+--------------------------------+----------------+-------------------+-------------------------+------------------------+------------------------------+--------------------------------+
; Top                            ; User-created   ; Source File       ; N/A                     ; Source File            ; N/A                          ;                                ;
; hard_block:auto_generated_inst ; Auto-generated ; Source File       ; N/A                     ; Source File            ; N/A                          ; hard_block:auto_generated_inst ;
+--------------------------------+----------------+-------------------+-------------------------+------------------------+------------------------------+--------------------------------+


+------------------------------------------------------------------------------------------------------------------------------------+
; Incremental Compilation Placement Preservation                                                                                     ;
+--------------------------------+-----------------------+-------------------------+-------------------+---------------------+-------+
; Partition Name                 ; Preservation Achieved ; Preservation Level Used ; Netlist Type Used ; Preservation Method ; Notes ;
+--------------------------------+-----------------------+-------------------------+-------------------+---------------------+-------+
; Top                            ; 0.00 % ( 0 / 496 )    ; N/A                     ; Source File       ; N/A                 ;       ;
; hard_block:auto_generated_inst ; 0.00 % ( 0 / 16 )     ; N/A                     ; Source File       ; N/A                 ;       ;
+--------------------------------+-----------------------+-------------------------+-------------------+---------------------+-------+


+--------------+
; Pin-Out File ;
+--------------+
The pin-out file can be found in C:/Users/mbcra/Documents/MONASH/main/ECE2072/Project/ece2072_project/output_files/ece2072_project_x72.pin.


+----------------------------------------------------------------------+
; Fitter Resource Usage Summary                                        ;
+---------------------------------------------+------------------------+
; Resource                                    ; Usage                  ;
+---------------------------------------------+------------------------+
; Total logic elements                        ; 319 / 49,760 ( < 1 % ) ;
;     -- Combinational with no register       ; 146                    ;
;     -- Register only                        ; 58                     ;
;     -- Combinational with a register        ; 115                    ;
;                                             ;                        ;
; Logic element usage by number of LUT inputs ;                        ;
;     -- 4 input functions                    ; 143                    ;
;     -- 3 input functions                    ; 68                     ;
;     -- <=2 input functions                  ; 50                     ;
;     -- Register only                        ; 58                     ;
;                                             ;                        ;
; Logic elements by mode                      ;                        ;
;     -- normal mode                          ; 246                    ;
;     -- arithmetic mode                      ; 15                     ;
;                                             ;                        ;
; Total registers*                            ; 173 / 51,509 ( < 1 % ) ;
;     -- Dedicated logic registers            ; 173 / 49,760 ( < 1 % ) ;
;     -- I/O registers                        ; 0 / 1,749 ( 0 % )      ;
;                                             ;                        ;
; Total LABs:  partially or completely used   ; 29 / 3,110 ( < 1 % )   ;
; Virtual pins                                ; 0                      ;
; I/O pins                                    ; 28 / 360 ( 8 % )       ;
;     -- Clock pins                           ; 0 / 8 ( 0 % )          ;
;     -- Dedicated input pins                 ; 1 / 1 ( 100 % )        ;
;                                             ;                        ;
; M9Ks                                        ; 0 / 182 ( 0 % )        ;
; UFM blocks                                  ; 0 / 1 ( 0 % )          ;
; ADC blocks                                  ; 0 / 2 ( 0 % )          ;
; Total block memory bits                     ; 0 / 1,677,312 ( 0 % )  ;
; Total block memory implementation bits      ; 0 / 1,677,312 ( 0 % )  ;
; Embedded Multiplier 9-bit elements          ; 0 / 288 ( 0 % )        ;
; PLLs                                        ; 0 / 4 ( 0 % )          ;
; Global signals                              ; 3                      ;
;     -- Global clocks                        ; 3 / 20 ( 15 % )        ;
; JTAGs                                       ; 0 / 1 ( 0 % )          ;
; CRC blocks                                  ; 0 / 1 ( 0 % )          ;
; Remote update blocks                        ; 0 / 1 ( 0 % )          ;
; Oscillator blocks                           ; 0 / 1 ( 0 % )          ;
; Impedance control blocks                    ; 0 / 1 ( 0 % )          ;
; Average interconnect usage (total/H/V)      ; 0.3% / 0.3% / 0.4%     ;
; Peak interconnect usage (total/H/V)         ; 10.6% / 10.0% / 11.4%  ;
; Maximum fan-out                             ; 173                    ;
; Highest non-global fan-out                  ; 173                    ;
; Total fan-out                               ; 1521                   ;
; Average fan-out                             ; 2.68                   ;
+---------------------------------------------+------------------------+
*  Register count does not include registers inside RAM blocks or DSP blocks.



+------------------------------------------------------------------------------------------------------+
; Fitter Partition Statistics                                                                          ;
+---------------------------------------------+-----------------------+--------------------------------+
; Statistic                                   ; Top                   ; hard_block:auto_generated_inst ;
+---------------------------------------------+-----------------------+--------------------------------+
; Difficulty Clustering Region                ; Low                   ; Low                            ;
;                                             ;                       ;                                ;
; Total logic elements                        ; 319 / 49760 ( < 1 % ) ; 0 / 49760 ( 0 % )              ;
;     -- Combinational with no register       ; 146                   ; 0                              ;
;     -- Register only                        ; 58                    ; 0                              ;
;     -- Combinational with a register        ; 115                   ; 0                              ;
;                                             ;                       ;                                ;
; Logic element usage by number of LUT inputs ;                       ;                                ;
;     -- 4 input functions                    ; 143                   ; 0                              ;
;     -- 3 input functions                    ; 68                    ; 0                              ;
;     -- <=2 input functions                  ; 50                    ; 0                              ;
;     -- Register only                        ; 58                    ; 0                              ;
;                                             ;                       ;                                ;
; Logic elements by mode                      ;                       ;                                ;
;     -- normal mode                          ; 246                   ; 0                              ;
;     -- arithmetic mode                      ; 15                    ; 0                              ;
;                                             ;                       ;                                ;
; Total registers                             ; 173                   ; 0                              ;
;     -- Dedicated logic registers            ; 173 / 49760 ( < 1 % ) ; 0 / 49760 ( 0 % )              ;
;     -- I/O registers                        ; 0                     ; 0                              ;
;                                             ;                       ;                                ;
; Total LABs:  partially or completely used   ; 29 / 3110 ( < 1 % )   ; 0 / 3110 ( 0 % )               ;
;                                             ;                       ;                                ;
; Virtual pins                                ; 0                     ; 0                              ;
; I/O pins                                    ; 28                    ; 0                              ;
; Embedded Multiplier 9-bit elements          ; 0 / 288 ( 0 % )       ; 0 / 288 ( 0 % )                ;
; Total memory bits                           ; 0                     ; 0                              ;
; Total RAM block bits                        ; 0                     ; 0                              ;
; Clock control block                         ; 3 / 24 ( 12 % )       ; 0 / 24 ( 0 % )                 ;
; User Flash Memory                           ; 1 / 1 ( 100 % )       ; 0 / 1 ( 0 % )                  ;
; Analog-to-Digital Converter                 ; 2 / 2 ( 100 % )       ; 0 / 2 ( 0 % )                  ;
;                                             ;                       ;                                ;
; Connections                                 ;                       ;                                ;
;     -- Input Connections                    ; 0                     ; 0                              ;
;     -- Registered Input Connections         ; 0                     ; 0                              ;
;     -- Output Connections                   ; 0                     ; 0                              ;
;     -- Registered Output Connections        ; 0                     ; 0                              ;
;                                             ;                       ;                                ;
; Internal Connections                        ;                       ;                                ;
;     -- Total Connections                    ; 1527                  ; 8                              ;
;     -- Registered Connections               ; 249                   ; 0                              ;
;                                             ;                       ;                                ;
; External Connections                        ;                       ;                                ;
;     -- Top                                  ; 0                     ; 0                              ;
;     -- hard_block:auto_generated_inst       ; 0                     ; 0                              ;
;                                             ;                       ;                                ;
; Partition Interface                         ;                       ;                                ;
;     -- Input Ports                          ; 11                    ; 0                              ;
;     -- Output Ports                         ; 17                    ; 0                              ;
;     -- Bidir Ports                          ; 0                     ; 0                              ;
;                                             ;                       ;                                ;
; Registered Ports                            ;                       ;                                ;
;     -- Registered Input Ports               ; 0                     ; 0                              ;
;     -- Registered Output Ports              ; 0                     ; 0                              ;
;                                             ;                       ;                                ;
; Port Connectivity                           ;                       ;                                ;
;     -- Input Ports driven by GND            ; 0                     ; 0                              ;
;     -- Output Ports driven by GND           ; 0                     ; 0                              ;
;     -- Input Ports driven by VCC            ; 0                     ; 0                              ;
;     -- Output Ports driven by VCC           ; 0                     ; 0                              ;
;     -- Input Ports with no Source           ; 0                     ; 0                              ;
;     -- Output Ports with no Source          ; 0                     ; 0                              ;
;     -- Input Ports with no Fanout           ; 0                     ; 0                              ;
;     -- Output Ports with no Fanout          ; 0                     ; 0                              ;
+---------------------------------------------+-----------------------+--------------------------------+


+--------------------------------------------------------------------------------------------------------------------------------------------------------------------------------------------------------------------------------------------------------------------------------------------------+
; Input Pins                                                                                                                                                                                                                                                                                       ;
+--------+-------+----------+--------------+--------------+--------------+-----------------------+--------------------+--------+----------------+---------------+-----------------+----------+--------------+-----------------------+---------------------------+----------------------+-----------+
; Name   ; Pin # ; I/O Bank ; X coordinate ; Y coordinate ; Z coordinate ; Combinational Fan-Out ; Registered Fan-Out ; Global ; Input Register ; Power Up High ; PCI I/O Enabled ; Bus Hold ; Weak Pull Up ; I/O Standard          ; Termination Control Block ; Location assigned by ; Slew Rate ;
+--------+-------+----------+--------------+--------------+--------------+-----------------------+--------------------+--------+----------------+---------------+-----------------+----------+--------------+-----------------------+---------------------------+----------------------+-----------+
; KEY[0] ; B8    ; 7        ; 46           ; 54           ; 28           ; 56                    ; 0                  ; no     ; no             ; no            ; yes             ; no       ; Off          ; 3.3 V Schmitt Trigger ; --                        ; User                 ; 0         ;
; KEY[1] ; A7    ; 7        ; 49           ; 54           ; 28           ; 173                   ; 0                  ; no     ; no             ; no            ; yes             ; no       ; Off          ; 3.3 V Schmitt Trigger ; --                        ; User                 ; 0         ;
; SW[0]  ; C10   ; 7        ; 51           ; 54           ; 28           ; 2                     ; 0                  ; no     ; no             ; no            ; yes             ; no       ; Off          ; 3.3-V LVTTL           ; --                        ; User                 ; 0         ;
; SW[1]  ; C11   ; 7        ; 51           ; 54           ; 21           ; 2                     ; 0                  ; no     ; no             ; no            ; yes             ; no       ; Off          ; 3.3-V LVTTL           ; --                        ; User                 ; 0         ;
; SW[2]  ; D12   ; 7        ; 51           ; 54           ; 0            ; 2                     ; 0                  ; no     ; no             ; no            ; yes             ; no       ; Off          ; 3.3-V LVTTL           ; --                        ; User                 ; 0         ;
; SW[3]  ; C12   ; 7        ; 54           ; 54           ; 28           ; 2                     ; 0                  ; no     ; no             ; no            ; yes             ; no       ; Off          ; 3.3-V LVTTL           ; --                        ; User                 ; 0         ;
; SW[4]  ; A12   ; 7        ; 54           ; 54           ; 21           ; 2                     ; 0                  ; no     ; no             ; no            ; yes             ; no       ; Off          ; 3.3-V LVTTL           ; --                        ; User                 ; 0         ;
; SW[5]  ; B12   ; 7        ; 49           ; 54           ; 0            ; 2                     ; 0                  ; no     ; no             ; no            ; yes             ; no       ; Off          ; 3.3-V LVTTL           ; --                        ; User                 ; 0         ;
; SW[6]  ; A13   ; 7        ; 54           ; 54           ; 14           ; 2                     ; 0                  ; no     ; no             ; no            ; yes             ; no       ; Off          ; 3.3-V LVTTL           ; --                        ; User                 ; 0         ;
; SW[7]  ; A14   ; 7        ; 58           ; 54           ; 28           ; 2                     ; 0                  ; no     ; no             ; no            ; yes             ; no       ; Off          ; 3.3-V LVTTL           ; --                        ; User                 ; 0         ;
; SW[8]  ; B14   ; 7        ; 56           ; 54           ; 0            ; 2                     ; 0                  ; no     ; no             ; no            ; yes             ; no       ; Off          ; 3.3-V LVTTL           ; --                        ; User                 ; 0         ;
+--------+-------+----------+--------------+--------------+--------------+-----------------------+--------------------+--------+----------------+---------------+-----------------+----------+--------------+-----------------------+---------------------------+----------------------+-----------+


+------------------------------------------------------------------------------------------------------------------------------------------------------------------------------------------------------------------------------------------------------------------------------------------------------------------------------------------------------------------------------------------------------------------------------------+
; Output Pins                                                                                                                                                                                                                                                                                                                                                                                                                        ;
+---------+-------+----------+--------------+--------------+--------------+-----------------+------------------------+---------------+-----------+-----------------+------------+---------------+----------+--------------+--------------+------------------+-------------+---------------------------+----------------------------+-----------------------------+----------------------+----------------------+---------------------+
; Name    ; Pin # ; I/O Bank ; X coordinate ; Y coordinate ; Z coordinate ; Output Register ; Output Enable Register ; Power Up High ; Slew Rate ; PCI I/O Enabled ; Open Drain ; TRI Primitive ; Bus Hold ; Weak Pull Up ; I/O Standard ; Current Strength ; Termination ; Termination Control Block ; Output Buffer Pre-emphasis ; Voltage Output Differential ; Location assigned by ; Output Enable Source ; Output Enable Group ;
+---------+-------+----------+--------------+--------------+--------------+-----------------+------------------------+---------------+-----------+-----------------+------------+---------------+----------+--------------+--------------+------------------+-------------+---------------------------+----------------------------+-----------------------------+----------------------+----------------------+---------------------+
; HEX5[0] ; J20   ; 6        ; 78           ; 45           ; 7            ; no              ; no                     ; no            ; 2         ; no              ; no         ; no            ; no       ; Off          ; 3.3-V LVTTL  ; 8mA              ; Off         ; --                        ; no                         ; no                          ; User                 ; -                    ; -                   ;
; HEX5[1] ; K20   ; 6        ; 78           ; 42           ; 0            ; no              ; no                     ; no            ; 2         ; no              ; no         ; no            ; no       ; Off          ; 3.3-V LVTTL  ; 8mA              ; Off         ; --                        ; no                         ; no                          ; User                 ; -                    ; -                   ;
; HEX5[2] ; L18   ; 6        ; 78           ; 37           ; 14           ; no              ; no                     ; no            ; 2         ; no              ; no         ; no            ; no       ; Off          ; 3.3-V LVTTL  ; 8mA              ; Off         ; --                        ; no                         ; no                          ; User                 ; -                    ; -                   ;
; HEX5[3] ; N18   ; 6        ; 78           ; 34           ; 22           ; no              ; no                     ; no            ; 2         ; no              ; no         ; no            ; no       ; Off          ; 3.3-V LVTTL  ; 8mA              ; Off         ; --                        ; no                         ; no                          ; User                 ; -                    ; -                   ;
; HEX5[4] ; M20   ; 6        ; 78           ; 34           ; 7            ; no              ; no                     ; no            ; 2         ; no              ; no         ; no            ; no       ; Off          ; 3.3-V LVTTL  ; 8mA              ; Off         ; --                        ; no                         ; no                          ; User                 ; -                    ; -                   ;
; HEX5[5] ; N19   ; 6        ; 78           ; 34           ; 14           ; no              ; no                     ; no            ; 2         ; no              ; no         ; no            ; no       ; Off          ; 3.3-V LVTTL  ; 8mA              ; Off         ; --                        ; no                         ; no                          ; User                 ; -                    ; -                   ;
; HEX5[6] ; N20   ; 6        ; 78           ; 34           ; 0            ; no              ; no                     ; no            ; 2         ; no              ; no         ; no            ; no       ; Off          ; 3.3-V LVTTL  ; 8mA              ; Off         ; --                        ; no                         ; no                          ; User                 ; -                    ; -                   ;
; LEDR[0] ; A8    ; 7        ; 46           ; 54           ; 0            ; no              ; no                     ; no            ; 2         ; no              ; no         ; no            ; no       ; Off          ; 3.3-V LVTTL  ; 8mA              ; Off         ; --                        ; no                         ; no                          ; User                 ; -                    ; -                   ;
; LEDR[1] ; A9    ; 7        ; 46           ; 54           ; 21           ; no              ; no                     ; no            ; 2         ; no              ; no         ; no            ; no       ; Off          ; 3.3-V LVTTL  ; 8mA              ; Off         ; --                        ; no                         ; no                          ; User                 ; -                    ; -                   ;
; LEDR[2] ; A10   ; 7        ; 51           ; 54           ; 14           ; no              ; no                     ; no            ; 2         ; no              ; no         ; no            ; no       ; Off          ; 3.3-V LVTTL  ; 8mA              ; Off         ; --                        ; no                         ; no                          ; User                 ; -                    ; -                   ;
; LEDR[3] ; B10   ; 7        ; 46           ; 54           ; 7            ; no              ; no                     ; no            ; 2         ; no              ; no         ; no            ; no       ; Off          ; 3.3-V LVTTL  ; 8mA              ; Off         ; --                        ; no                         ; no                          ; User                 ; -                    ; -                   ;
; LEDR[4] ; D13   ; 7        ; 56           ; 54           ; 28           ; no              ; no                     ; no            ; 2         ; no              ; no         ; no            ; no       ; Off          ; 3.3-V LVTTL  ; 8mA              ; Off         ; --                        ; no                         ; no                          ; User                 ; -                    ; -                   ;
; LEDR[5] ; C13   ; 7        ; 58           ; 54           ; 21           ; no              ; no                     ; no            ; 2         ; no              ; no         ; no            ; no       ; Off          ; 3.3-V LVTTL  ; 8mA              ; Off         ; --                        ; no                         ; no                          ; User                 ; -                    ; -                   ;
; LEDR[6] ; E14   ; 7        ; 66           ; 54           ; 21           ; no              ; no                     ; no            ; 2         ; no              ; no         ; no            ; no       ; Off          ; 3.3-V LVTTL  ; 8mA              ; Off         ; --                        ; no                         ; no                          ; User                 ; -                    ; -                   ;
; LEDR[7] ; D14   ; 7        ; 56           ; 54           ; 7            ; no              ; no                     ; no            ; 2         ; no              ; no         ; no            ; no       ; Off          ; 3.3-V LVTTL  ; 8mA              ; Off         ; --                        ; no                         ; no                          ; User                 ; -                    ; -                   ;
; LEDR[8] ; A11   ; 7        ; 51           ; 54           ; 7            ; no              ; no                     ; no            ; 2         ; no              ; no         ; no            ; no       ; Off          ; 3.3-V LVTTL  ; 8mA              ; Off         ; --                        ; no                         ; no                          ; User                 ; -                    ; -                   ;
; LEDR[9] ; B11   ; 7        ; 49           ; 54           ; 7            ; no              ; no                     ; no            ; 2         ; no              ; no         ; no            ; no       ; Off          ; 3.3-V LVTTL  ; 8mA              ; Off         ; --                        ; no                         ; no                          ; User                 ; -                    ; -                   ;
+---------+-------+----------+--------------+--------------+--------------+-----------------+------------------------+---------------+-----------+-----------------+------------+---------------+----------+--------------+--------------+------------------+-------------+---------------------------+----------------------------+-----------------------------+----------------------+----------------------+---------------------+


+-----------------------------------------------------------------------------------------------------------------------------------------+
; Dual Purpose and Dedicated Pins                                                                                                         ;
+----------+----------------------------------------------------+--------------------------------+---------------------+------------------+
; Location ; Pin Name                                           ; Reserved As                    ; User Signal Name    ; Pin Type         ;
+----------+----------------------------------------------------+--------------------------------+---------------------+------------------+
; H2       ; DIFFIO_RX_L17n, DIFFOUT_L17n, TMS, Low_Speed       ; Reserved as secondary function ; ~ALTERA_TMS~        ; Dual Purpose Pin ;
; G2       ; DIFFIO_RX_L17p, DIFFOUT_L17p, TCK, Low_Speed       ; Reserved as secondary function ; ~ALTERA_TCK~        ; Dual Purpose Pin ;
; L4       ; DIFFIO_RX_L18n, DIFFOUT_L18n, TDI, Low_Speed       ; Reserved as secondary function ; ~ALTERA_TDI~        ; Dual Purpose Pin ;
; M5       ; DIFFIO_RX_L18p, DIFFOUT_L18p, TDO, Low_Speed       ; Reserved as secondary function ; ~ALTERA_TDO~        ; Dual Purpose Pin ;
; H10      ; CONFIG_SEL, Low_Speed                              ; Reserved as secondary function ; ~ALTERA_CONFIG_SEL~ ; Dual Purpose Pin ;
; H9       ; nCONFIG, Low_Speed                                 ; Reserved as secondary function ; ~ALTERA_nCONFIG~    ; Dual Purpose Pin ;
; G9       ; DIFFIO_RX_T50p, DIFFOUT_T50p, nSTATUS, Low_Speed   ; Reserved as secondary function ; ~ALTERA_nSTATUS~    ; Dual Purpose Pin ;
; F8       ; DIFFIO_RX_T50n, DIFFOUT_T50n, CONF_DONE, Low_Speed ; Reserved as secondary function ; ~ALTERA_CONF_DONE~  ; Dual Purpose Pin ;
+----------+----------------------------------------------------+--------------------------------+---------------------+------------------+


+------------------------------------------------------------+
; I/O Bank Usage                                             ;
+----------+------------------+---------------+--------------+
; I/O Bank ; Usage            ; VCCIO Voltage ; VREF Voltage ;
+----------+------------------+---------------+--------------+
; 1A       ; 0 / 16 ( 0 % )   ; 2.5V          ; --           ;
; 1B       ; 4 / 24 ( 17 % )  ; 2.5V          ; --           ;
; 2        ; 0 / 36 ( 0 % )   ; 2.5V          ; --           ;
; 3        ; 0 / 48 ( 0 % )   ; 2.5V          ; --           ;
; 4        ; 0 / 48 ( 0 % )   ; 2.5V          ; --           ;
; 5        ; 0 / 40 ( 0 % )   ; 2.5V          ; --           ;
; 6        ; 7 / 60 ( 12 % )  ; 3.3V          ; --           ;
; 7        ; 21 / 52 ( 40 % ) ; 3.3V          ; --           ;
; 8        ; 4 / 36 ( 11 % )  ; 2.5V          ; --           ;
+----------+------------------+---------------+--------------+


+---------------------------------------------------------------------------------------------------------------------------------------------------------------------------------------+
; All Package Pins                                                                                                                                                                      ;
+----------+------------+----------+------------------------------------------------+--------+-----------------------+---------+------------+-----------------+----------+--------------+
; Location ; Pad Number ; I/O Bank ; Pin Name/Usage                                 ; Dir.   ; I/O Standard          ; Voltage ; I/O Type   ; User Assignment ; Bus Hold ; Weak Pull Up ;
+----------+------------+----------+------------------------------------------------+--------+-----------------------+---------+------------+-----------------+----------+--------------+
; A1       ;            ;          ; GND                                            ; gnd    ;                       ;         ; --         ;                 ; --       ; --           ;
; A2       ; 481        ; 8        ; RESERVED_INPUT_WITH_WEAK_PULLUP                ;        ;                       ;         ; Column I/O ;                 ; no       ; On           ;
; A3       ; 483        ; 8        ; RESERVED_INPUT_WITH_WEAK_PULLUP                ;        ;                       ;         ; Column I/O ;                 ; no       ; On           ;
; A4       ; 475        ; 8        ; RESERVED_INPUT_WITH_WEAK_PULLUP                ;        ;                       ;         ; Column I/O ;                 ; no       ; On           ;
; A5       ; 473        ; 8        ; RESERVED_INPUT_WITH_WEAK_PULLUP                ;        ;                       ;         ; Column I/O ;                 ; no       ; On           ;
; A6       ; 471        ; 8        ; RESERVED_INPUT_WITH_WEAK_PULLUP                ;        ;                       ;         ; Column I/O ;                 ; no       ; On           ;
; A7       ; 445        ; 7        ; KEY[1]                                         ; input  ; 3.3 V Schmitt Trigger ;         ; Column I/O ; Y               ; no       ; Off          ;
; A8       ; 447        ; 7        ; LEDR[0]                                        ; output ; 3.3-V LVTTL           ;         ; Column I/O ; Y               ; no       ; Off          ;
; A9       ; 449        ; 7        ; LEDR[1]                                        ; output ; 3.3-V LVTTL           ;         ; Column I/O ; Y               ; no       ; Off          ;
; A10      ; 439        ; 7        ; LEDR[2]                                        ; output ; 3.3-V LVTTL           ;         ; Column I/O ; Y               ; no       ; Off          ;
; A11      ; 437        ; 7        ; LEDR[8]                                        ; output ; 3.3-V LVTTL           ;         ; Column I/O ; Y               ; no       ; Off          ;
; A12      ; 435        ; 7        ; SW[4]                                          ; input  ; 3.3-V LVTTL           ;         ; Column I/O ; Y               ; no       ; Off          ;
; A13      ; 433        ; 7        ; SW[6]                                          ; input  ; 3.3-V LVTTL           ;         ; Column I/O ; Y               ; no       ; Off          ;
; A14      ; 425        ; 7        ; SW[7]                                          ; input  ; 3.3-V LVTTL           ;         ; Column I/O ; Y               ; no       ; Off          ;
; A15      ; 421        ; 7        ; RESERVED_INPUT_WITH_WEAK_PULLUP                ;        ;                       ;         ; Column I/O ;                 ; no       ; On           ;
; A16      ; 419        ; 7        ; RESERVED_INPUT_WITH_WEAK_PULLUP                ;        ;                       ;         ; Column I/O ;                 ; no       ; On           ;
; A17      ; 407        ; 7        ; RESERVED_INPUT_WITH_WEAK_PULLUP                ;        ;                       ;         ; Column I/O ;                 ; no       ; On           ;
; A18      ; 405        ; 7        ; RESERVED_INPUT_WITH_WEAK_PULLUP                ;        ;                       ;         ; Column I/O ;                 ; no       ; On           ;
; A19      ; 403        ; 7        ; RESERVED_INPUT_WITH_WEAK_PULLUP                ;        ;                       ;         ; Column I/O ;                 ; no       ; On           ;
; A20      ; 401        ; 7        ; RESERVED_INPUT_WITH_WEAK_PULLUP                ;        ;                       ;         ; Column I/O ;                 ; no       ; On           ;
; A21      ; 371        ; 6        ; RESERVED_INPUT_WITH_WEAK_PULLUP                ;        ;                       ;         ; Row I/O    ;                 ; no       ; On           ;
; A22      ;            ;          ; GND                                            ; gnd    ;                       ;         ; --         ;                 ; --       ; --           ;
; AA1      ; 133        ; 3        ; RESERVED_INPUT_WITH_WEAK_PULLUP                ;        ;                       ;         ; Column I/O ;                 ; no       ; On           ;
; AA2      ; 135        ; 3        ; RESERVED_INPUT_WITH_WEAK_PULLUP                ;        ;                       ;         ; Column I/O ;                 ; no       ; On           ;
; AA3      ; 153        ; 3        ; RESERVED_INPUT_WITH_WEAK_PULLUP                ;        ;                       ;         ; Column I/O ;                 ; --       ; --           ;
; AA4      ;            ;          ; GND                                            ; gnd    ;                       ;         ; --         ;                 ; --       ; --           ;
; AA5      ; 157        ; 3        ; RESERVED_INPUT_WITH_WEAK_PULLUP                ;        ;                       ;         ; Column I/O ;                 ; no       ; On           ;
; AA6      ; 156        ; 3        ; RESERVED_INPUT_WITH_WEAK_PULLUP                ;        ;                       ;         ; Column I/O ;                 ; no       ; On           ;
; AA7      ; 158        ; 3        ; RESERVED_INPUT_WITH_WEAK_PULLUP                ;        ;                       ;         ; Column I/O ;                 ; no       ; On           ;
; AA8      ; 165        ; 3        ; RESERVED_INPUT_WITH_WEAK_PULLUP                ;        ;                       ;         ; Column I/O ;                 ; no       ; On           ;
; AA9      ; 169        ; 3        ; RESERVED_INPUT_WITH_WEAK_PULLUP                ;        ;                       ;         ; Column I/O ;                 ; no       ; On           ;
; AA10     ; 170        ; 3        ; RESERVED_INPUT_WITH_WEAK_PULLUP                ;        ;                       ;         ; Column I/O ;                 ; no       ; On           ;
; AA11     ; 180        ; 4        ; RESERVED_INPUT_WITH_WEAK_PULLUP                ;        ;                       ;         ; Column I/O ;                 ; no       ; On           ;
; AA12     ; 182        ; 4        ; RESERVED_INPUT_WITH_WEAK_PULLUP                ;        ;                       ;         ; Column I/O ;                 ; no       ; On           ;
; AA13     ; 197        ; 4        ; RESERVED_INPUT_WITH_WEAK_PULLUP                ;        ;                       ;         ; Column I/O ;                 ; --       ; --           ;
; AA14     ; 201        ; 4        ; RESERVED_INPUT_WITH_WEAK_PULLUP                ;        ;                       ;         ; Column I/O ;                 ; no       ; On           ;
; AA15     ; 205        ; 4        ; RESERVED_INPUT_WITH_WEAK_PULLUP                ;        ;                       ;         ; Column I/O ;                 ; no       ; On           ;
; AA16     ; 211        ; 4        ; RESERVED_INPUT_WITH_WEAK_PULLUP                ;        ;                       ;         ; Column I/O ;                 ; no       ; On           ;
; AA17     ; 212        ; 4        ; RESERVED_INPUT_WITH_WEAK_PULLUP                ;        ;                       ;         ; Column I/O ;                 ; no       ; On           ;
; AA18     ;            ;          ; GND                                            ; gnd    ;                       ;         ; --         ;                 ; --       ; --           ;
; AA19     ; 217        ; 4        ; RESERVED_INPUT_WITH_WEAK_PULLUP                ;        ;                       ;         ; Column I/O ;                 ; no       ; On           ;
; AA20     ; 227        ; 4        ; RESERVED_INPUT_WITH_WEAK_PULLUP                ;        ;                       ;         ; Column I/O ;                 ; no       ; On           ;
; AA21     ; 245        ; 5        ; RESERVED_INPUT_WITH_WEAK_PULLUP                ;        ;                       ;         ; Row I/O    ;                 ; no       ; On           ;
; AA22     ; 247        ; 5        ; RESERVED_INPUT_WITH_WEAK_PULLUP                ;        ;                       ;         ; Row I/O    ;                 ; no       ; On           ;
; AB1      ;            ;          ; GND                                            ; gnd    ;                       ;         ; --         ;                 ; --       ; --           ;
; AB2      ; 145        ; 3        ; RESERVED_INPUT_WITH_WEAK_PULLUP                ;        ;                       ;         ; Column I/O ;                 ; no       ; On           ;
; AB3      ; 147        ; 3        ; RESERVED_INPUT_WITH_WEAK_PULLUP                ;        ;                       ;         ; Column I/O ;                 ; no       ; On           ;
; AB4      ; 155        ; 3        ; RESERVED_INPUT_WITH_WEAK_PULLUP                ;        ;                       ;         ; Column I/O ;                 ; no       ; On           ;
; AB5      ; 159        ; 3        ; RESERVED_INPUT_WITH_WEAK_PULLUP                ;        ;                       ;         ; Column I/O ;                 ; no       ; On           ;
; AB6      ; 161        ; 3        ; RESERVED_INPUT_WITH_WEAK_PULLUP                ;        ;                       ;         ; Column I/O ;                 ; no       ; On           ;
; AB7      ; 163        ; 3        ; RESERVED_INPUT_WITH_WEAK_PULLUP                ;        ;                       ;         ; Column I/O ;                 ; no       ; On           ;
; AB8      ; 167        ; 3        ; RESERVED_INPUT_WITH_WEAK_PULLUP                ;        ;                       ;         ; Column I/O ;                 ; no       ; On           ;
; AB9      ; 171        ; 3        ; RESERVED_INPUT_WITH_WEAK_PULLUP                ;        ;                       ;         ; Column I/O ;                 ; no       ; On           ;
; AB10     ; 177        ; 4        ; RESERVED_INPUT_WITH_WEAK_PULLUP                ;        ;                       ;         ; Column I/O ;                 ; no       ; On           ;
; AB11     ; 179        ; 4        ; RESERVED_INPUT_WITH_WEAK_PULLUP                ;        ;                       ;         ; Column I/O ;                 ; no       ; On           ;
; AB12     ; 181        ; 4        ; RESERVED_INPUT_WITH_WEAK_PULLUP                ;        ;                       ;         ; Column I/O ;                 ; no       ; On           ;
; AB13     ; 183        ; 4        ; RESERVED_INPUT_WITH_WEAK_PULLUP                ;        ;                       ;         ; Column I/O ;                 ; no       ; On           ;
; AB14     ; 199        ; 4        ; RESERVED_INPUT_WITH_WEAK_PULLUP                ;        ;                       ;         ; Column I/O ;                 ; no       ; On           ;
; AB15     ; 203        ; 4        ; RESERVED_INPUT_WITH_WEAK_PULLUP                ;        ;                       ;         ; Column I/O ;                 ; no       ; On           ;
; AB16     ; 209        ; 4        ; RESERVED_INPUT_WITH_WEAK_PULLUP                ;        ;                       ;         ; Column I/O ;                 ; no       ; On           ;
; AB17     ; 241        ; 4        ; RESERVED_INPUT_WITH_WEAK_PULLUP                ;        ;                       ;         ; Column I/O ;                 ; no       ; On           ;
; AB18     ; 243        ; 4        ; RESERVED_INPUT_WITH_WEAK_PULLUP                ;        ;                       ;         ; Column I/O ;                 ; no       ; On           ;
; AB19     ; 213        ; 4        ; RESERVED_INPUT_WITH_WEAK_PULLUP                ;        ;                       ;         ; Column I/O ;                 ; no       ; On           ;
; AB20     ; 215        ; 4        ; RESERVED_INPUT_WITH_WEAK_PULLUP                ;        ;                       ;         ; Column I/O ;                 ; no       ; On           ;
; AB21     ; 225        ; 4        ; RESERVED_INPUT_WITH_WEAK_PULLUP                ;        ;                       ;         ; Column I/O ;                 ; no       ; On           ;
; AB22     ;            ;          ; GND                                            ; gnd    ;                       ;         ; --         ;                 ; --       ; --           ;
; B1       ; 495        ; 8        ; RESERVED_INPUT_WITH_WEAK_PULLUP                ;        ;                       ;         ; Column I/O ;                 ; no       ; On           ;
; B2       ; 493        ; 8        ; RESERVED_INPUT_WITH_WEAK_PULLUP                ;        ;                       ;         ; Column I/O ;                 ; no       ; On           ;
; B3       ; 484        ; 8        ; RESERVED_INPUT_WITH_WEAK_PULLUP                ;        ;                       ;         ; Column I/O ;                 ; no       ; On           ;
; B4       ; 486        ; 8        ; RESERVED_INPUT_WITH_WEAK_PULLUP                ;        ;                       ;         ; Column I/O ;                 ; no       ; On           ;
; B5       ; 485        ; 8        ; RESERVED_INPUT_WITH_WEAK_PULLUP                ;        ;                       ;         ; Column I/O ;                 ; no       ; On           ;
; B6       ;            ;          ; GND                                            ; gnd    ;                       ;         ; --         ;                 ; --       ; --           ;
; B7       ; 469        ; 8        ; RESERVED_INPUT_WITH_WEAK_PULLUP                ;        ;                       ;         ; Column I/O ;                 ; no       ; On           ;
; B8       ; 451        ; 7        ; KEY[0]                                         ; input  ; 3.3 V Schmitt Trigger ;         ; Column I/O ; Y               ; no       ; Off          ;
; B9       ;            ;          ; GND                                            ; gnd    ;                       ;         ; --         ;                 ; --       ; --           ;
; B10      ; 448        ; 7        ; LEDR[3]                                        ; output ; 3.3-V LVTTL           ;         ; Column I/O ; Y               ; no       ; Off          ;
; B11      ; 443        ; 7        ; LEDR[9]                                        ; output ; 3.3-V LVTTL           ;         ; Column I/O ; Y               ; no       ; Off          ;
; B12      ; 441        ; 7        ; SW[5]                                          ; input  ; 3.3-V LVTTL           ;         ; Column I/O ; Y               ; no       ; Off          ;
; B13      ;            ;          ; GND                                            ; gnd    ;                       ;         ; --         ;                 ; --       ; --           ;
; B14      ; 427        ; 7        ; SW[8]                                          ; input  ; 3.3-V LVTTL           ;         ; Column I/O ; Y               ; no       ; Off          ;
; B15      ; 423        ; 7        ; RESERVED_INPUT_WITH_WEAK_PULLUP                ;        ;                       ;         ; Column I/O ;                 ; --       ; --           ;
; B16      ; 417        ; 7        ; RESERVED_INPUT_WITH_WEAK_PULLUP                ;        ;                       ;         ; Column I/O ;                 ; no       ; On           ;
; B17      ; 402        ; 7        ; RESERVED_INPUT_WITH_WEAK_PULLUP                ;        ;                       ;         ; Column I/O ;                 ; no       ; On           ;
; B18      ;            ;          ; GND                                            ; gnd    ;                       ;         ; --         ;                 ; --       ; --           ;
; B19      ; 399        ; 7        ; RESERVED_INPUT_WITH_WEAK_PULLUP                ;        ;                       ;         ; Column I/O ;                 ; no       ; On           ;
; B20      ; 369        ; 6        ; RESERVED_INPUT_WITH_WEAK_PULLUP                ;        ;                       ;         ; Row I/O    ;                 ; no       ; On           ;
; B21      ; 367        ; 6        ; RESERVED_INPUT_WITH_WEAK_PULLUP                ;        ;                       ;         ; Row I/O    ;                 ; no       ; On           ;
; B22      ; 365        ; 6        ; RESERVED_INPUT_WITH_WEAK_PULLUP                ;        ;                       ;         ; Row I/O    ;                 ; no       ; On           ;
; C1       ; 33         ; 1B       ; RESERVED_INPUT_WITH_WEAK_PULLUP                ;        ;                       ;         ; Row I/O    ;                 ; --       ; --           ;
; C2       ; 499        ; 8        ; RESERVED_INPUT_WITH_WEAK_PULLUP                ;        ;                       ;         ; Column I/O ;                 ; no       ; On           ;
; C3       ; 497        ; 8        ; RESERVED_INPUT_WITH_WEAK_PULLUP                ;        ;                       ;         ; Column I/O ;                 ; no       ; On           ;
; C4       ; 487        ; 8        ; RESERVED_INPUT_WITH_WEAK_PULLUP                ;        ;                       ;         ; Column I/O ;                 ; no       ; On           ;
; C5       ; 489        ; 8        ; RESERVED_INPUT_WITH_WEAK_PULLUP                ;        ;                       ;         ; Column I/O ;                 ; no       ; On           ;
; C6       ; 477        ; 8        ; RESERVED_INPUT_WITH_WEAK_PULLUP                ;        ;                       ;         ; Column I/O ;                 ; no       ; On           ;
; C7       ; 467        ; 8        ; RESERVED_INPUT_WITH_WEAK_PULLUP                ;        ;                       ;         ; Column I/O ;                 ; no       ; On           ;
; C8       ; 465        ; 8        ; RESERVED_INPUT_WITH_WEAK_PULLUP                ;        ;                       ;         ; Column I/O ;                 ; no       ; On           ;
; C9       ; 450        ; 7        ; RESERVED_INPUT_WITH_WEAK_PULLUP                ;        ;                       ;         ; Column I/O ;                 ; no       ; On           ;
; C10      ; 442        ; 7        ; SW[0]                                          ; input  ; 3.3-V LVTTL           ;         ; Column I/O ; Y               ; no       ; Off          ;
; C11      ; 440        ; 7        ; SW[1]                                          ; input  ; 3.3-V LVTTL           ;         ; Column I/O ; Y               ; no       ; Off          ;
; C12      ; 436        ; 7        ; SW[3]                                          ; input  ; 3.3-V LVTTL           ;         ; Column I/O ; Y               ; no       ; Off          ;
; C13      ; 426        ; 7        ; LEDR[5]                                        ; output ; 3.3-V LVTTL           ;         ; Column I/O ; Y               ; no       ; Off          ;
; C14      ; 424        ; 7        ; RESERVED_INPUT_WITH_WEAK_PULLUP                ;        ;                       ;         ; Column I/O ;                 ; no       ; On           ;
; C15      ; 418        ; 7        ; RESERVED_INPUT_WITH_WEAK_PULLUP                ;        ;                       ;         ; Column I/O ;                 ; no       ; On           ;
; C16      ; 416        ; 7        ; RESERVED_INPUT_WITH_WEAK_PULLUP                ;        ;                       ;         ; Column I/O ;                 ; no       ; On           ;
; C17      ; 391        ; 7        ; RESERVED_INPUT_WITH_WEAK_PULLUP                ;        ;                       ;         ; Column I/O ;                 ; no       ; On           ;
; C18      ; 400        ; 7        ; RESERVED_INPUT_WITH_WEAK_PULLUP                ;        ;                       ;         ; Column I/O ;                 ; no       ; On           ;
; C19      ; 397        ; 7        ; RESERVED_INPUT_WITH_WEAK_PULLUP                ;        ;                       ;         ; Column I/O ;                 ; no       ; On           ;
; C20      ; 357        ; 6        ; RESERVED_INPUT_WITH_WEAK_PULLUP                ;        ;                       ;         ; Row I/O    ;                 ; no       ; On           ;
; C21      ; 347        ; 6        ; RESERVED_INPUT_WITH_WEAK_PULLUP                ;        ;                       ;         ; Row I/O    ;                 ; no       ; On           ;
; C22      ; 343        ; 6        ; RESERVED_INPUT_WITH_WEAK_PULLUP                ;        ;                       ;         ; Row I/O    ;                 ; no       ; On           ;
; D1       ; 35         ; 1B       ; RESERVED_INPUT_WITH_WEAK_PULLUP                ;        ;                       ;         ; Row I/O    ;                 ; no       ; On           ;
; D2       ; 31         ; 1B       ; RESERVED_INPUT_WITH_WEAK_PULLUP                ;        ;                       ;         ; Row I/O    ;                 ; no       ; On           ;
; D3       ; 29         ; 1B       ; RESERVED_INPUT_WITH_WEAK_PULLUP                ;        ;                       ;         ; Row I/O    ;                 ; no       ; On           ;
; D4       ;            ;          ; GND                                            ; gnd    ;                       ;         ; --         ;                 ; --       ; --           ;
; D5       ; 491        ; 8        ; RESERVED_INPUT_WITH_WEAK_PULLUP                ;        ;                       ;         ; Column I/O ;                 ; no       ; On           ;
; D6       ; 496        ; 8        ; RESERVED_INPUT_WITH_WEAK_PULLUP                ;        ;                       ;         ; Column I/O ;                 ; no       ; On           ;
; D7       ; 479        ; 8        ; RESERVED_INPUT_WITH_WEAK_PULLUP                ;        ;                       ;         ; Column I/O ;                 ; --       ; --           ;
; D8       ; 472        ; 8        ; RESERVED_INPUT_WITH_WEAK_PULLUP                ;        ;                       ;         ; Column I/O ;                 ; no       ; On           ;
; D9       ; 474        ; 8        ; RESERVED_INPUT_WITH_WEAK_PULLUP                ;        ;                       ;         ; Column I/O ;                 ; no       ; On           ;
; D10      ; 476        ; 8        ; RESERVED_INPUT_WITH_WEAK_PULLUP                ;        ;                       ;         ; Column I/O ;                 ; no       ; On           ;
; D11      ;            ;          ; GND                                            ; gnd    ;                       ;         ; --         ;                 ; --       ; --           ;
; D12      ; 438        ; 7        ; SW[2]                                          ; input  ; 3.3-V LVTTL           ;         ; Column I/O ; Y               ; no       ; Off          ;
; D13      ; 431        ; 7        ; LEDR[4]                                        ; output ; 3.3-V LVTTL           ;         ; Column I/O ; Y               ; no       ; Off          ;
; D14      ; 428        ; 7        ; LEDR[7]                                        ; output ; 3.3-V LVTTL           ;         ; Column I/O ; Y               ; no       ; Off          ;
; D15      ; 404        ; 7        ; RESERVED_INPUT_WITH_WEAK_PULLUP                ;        ;                       ;         ; Column I/O ;                 ; no       ; On           ;
; D16      ;            ;          ; GND                                            ; gnd    ;                       ;         ; --         ;                 ; --       ; --           ;
; D17      ; 389        ; 7        ; RESERVED_INPUT_WITH_WEAK_PULLUP                ;        ;                       ;         ; Column I/O ;                 ; no       ; On           ;
; D18      ; 385        ; 6        ; RESERVED_INPUT_WITH_WEAK_PULLUP                ;        ;                       ;         ; Row I/O    ;                 ; no       ; On           ;
; D19      ; 359        ; 6        ; RESERVED_INPUT_WITH_WEAK_PULLUP                ;        ;                       ;         ; Row I/O    ;                 ; no       ; On           ;
; D20      ;            ;          ; GND                                            ; gnd    ;                       ;         ; --         ;                 ; --       ; --           ;
; D21      ; 345        ; 6        ; RESERVED_INPUT_WITH_WEAK_PULLUP                ;        ;                       ;         ; Row I/O    ;                 ; --       ; --           ;
; D22      ; 341        ; 6        ; RESERVED_INPUT_WITH_WEAK_PULLUP                ;        ;                       ;         ; Row I/O    ;                 ; no       ; On           ;
; E1       ; 41         ; 1B       ; RESERVED_INPUT_WITH_WEAK_PULLUP                ;        ;                       ;         ; Row I/O    ;                 ; no       ; On           ;
; E2       ;            ;          ; GND                                            ; gnd    ;                       ;         ; --         ;                 ; --       ; --           ;
; E3       ; 3          ; 1A       ; RESERVED_INPUT_WITH_WEAK_PULLUP                ;        ;                       ;         ; Row I/O    ;                 ; no       ; On           ;
; E4       ; 1          ; 1A       ; RESERVED_INPUT_WITH_WEAK_PULLUP                ;        ;                       ;         ; Row I/O    ;                 ; no       ; On           ;
; E5       ;            ;          ; NC                                             ;        ;                       ;         ; --         ;                 ; --       ; --           ;
; E6       ; 498        ; 8        ; RESERVED_INPUT_WITH_WEAK_PULLUP                ;        ;                       ;         ; Column I/O ;                 ; no       ; On           ;
; E7       ;            ;          ; GND                                            ; gnd    ;                       ;         ; --         ;                 ; --       ; --           ;
; E8       ; 488        ; 8        ; RESERVED_INPUT_WITH_WEAK_PULLUP                ;        ;                       ;         ; Column I/O ;                 ; no       ; On           ;
; E9       ; 478        ; 8        ; RESERVED_INPUT_WITH_WEAK_PULLUP                ;        ;                       ;         ; Column I/O ;                 ; no       ; On           ;
; E10      ; 466        ; 8        ; RESERVED_INPUT_WITH_WEAK_PULLUP                ;        ;                       ;         ; Column I/O ;                 ; no       ; On           ;
; E11      ; 464        ; 8        ; RESERVED_INPUT_WITH_WEAK_PULLUP                ;        ;                       ;         ; Column I/O ;                 ; no       ; On           ;
; E12      ; 429        ; 7        ; RESERVED_INPUT_WITH_WEAK_PULLUP                ;        ;                       ;         ; Column I/O ;                 ; no       ; On           ;
; E13      ; 430        ; 7        ; RESERVED_INPUT_WITH_WEAK_PULLUP                ;        ;                       ;         ; Column I/O ;                 ; no       ; On           ;
; E14      ; 406        ; 7        ; LEDR[6]                                        ; output ; 3.3-V LVTTL           ;         ; Column I/O ; Y               ; no       ; Off          ;
; E15      ; 390        ; 7        ; RESERVED_INPUT_WITH_WEAK_PULLUP                ;        ;                       ;         ; Column I/O ;                 ; no       ; On           ;
; E16      ; 388        ; 7        ; RESERVED_INPUT_WITH_WEAK_PULLUP                ;        ;                       ;         ; Column I/O ;                 ; no       ; On           ;
; E17      ; 366        ; 6        ; RESERVED_INPUT_WITH_WEAK_PULLUP                ;        ;                       ;         ; Row I/O    ;                 ; no       ; On           ;
; E18      ; 387        ; 6        ; RESERVED_INPUT_WITH_WEAK_PULLUP                ;        ;                       ;         ; Row I/O    ;                 ; no       ; On           ;
; E19      ; 352        ; 6        ; RESERVED_INPUT_WITH_WEAK_PULLUP                ;        ;                       ;         ; Row I/O    ;                 ; no       ; On           ;
; E20      ; 355        ; 6        ; RESERVED_INPUT_WITH_WEAK_PULLUP                ;        ;                       ;         ; Row I/O    ;                 ; no       ; On           ;
; E21      ; 335        ; 6        ; RESERVED_INPUT_WITH_WEAK_PULLUP                ;        ;                       ;         ; Row I/O    ;                 ; no       ; On           ;
; E22      ; 333        ; 6        ; RESERVED_INPUT_WITH_WEAK_PULLUP                ;        ;                       ;         ; Row I/O    ;                 ; no       ; On           ;
; F1       ; 47         ; 1B       ; RESERVED_INPUT_WITH_WEAK_PULLUP                ;        ;                       ;         ; Row I/O    ;                 ; no       ; On           ;
; F2       ; 43         ; 1B       ; RESERVED_INPUT_WITH_WEAK_PULLUP                ;        ;                       ;         ; Row I/O    ;                 ; no       ; On           ;
; F3       ; 7          ; 1A       ; RESERVED_INPUT_WITH_WEAK_PULLUP                ;        ;                       ;         ; Row I/O    ;                 ; no       ; On           ;
; F4       ; 2          ; 1A       ; RESERVED_INPUT_WITH_WEAK_PULLUP                ;        ;                       ;         ; Row I/O    ;                 ; no       ; On           ;
; F5       ; 0          ; 1A       ; RESERVED_INPUT_WITH_WEAK_PULLUP                ;        ;                       ;         ; Row I/O    ;                 ; no       ; On           ;
; F6       ;            ;          ; NC                                             ;        ;                       ;         ; --         ;                 ; --       ; --           ;
; F7       ; 490        ; 8        ; RESERVED_INPUT_WITH_WEAK_PULLUP                ;        ;                       ;         ; Column I/O ;                 ; no       ; On           ;
; F8       ; 494        ; 8        ; ~ALTERA_CONF_DONE~ / RESERVED_INPUT            ; input  ; 2.5 V Schmitt Trigger ;         ; Column I/O ; N               ; no       ; Off          ;
; F9       ;            ; 8        ; VCCIO8                                         ; power  ;                       ; 2.5V    ; --         ;                 ; --       ; --           ;
; F10      ;            ;          ; GND                                            ; gnd    ;                       ;         ; --         ;                 ; --       ; --           ;
; F11      ;            ; 8        ; VCCIO8                                         ; power  ;                       ; 2.5V    ; --         ;                 ; --       ; --           ;
; F12      ;            ; 7        ; VCCIO7                                         ; power  ;                       ; 3.3V    ; --         ;                 ; --       ; --           ;
; F13      ;            ;          ; GND                                            ; gnd    ;                       ;         ; --         ;                 ; --       ; --           ;
; F14      ;            ; 7        ; VCCIO7                                         ; power  ;                       ; 3.3V    ; --         ;                 ; --       ; --           ;
; F15      ; 398        ; 7        ; RESERVED_INPUT_WITH_WEAK_PULLUP                ;        ;                       ;         ; Column I/O ;                 ; no       ; On           ;
; F16      ; 396        ; 7        ; RESERVED_INPUT_WITH_WEAK_PULLUP                ;        ;                       ;         ; Column I/O ;                 ; no       ; On           ;
; F17      ; 364        ; 6        ; RESERVED_INPUT_WITH_WEAK_PULLUP                ;        ;                       ;         ; Row I/O    ;                 ; no       ; On           ;
; F18      ; 354        ; 6        ; RESERVED_INPUT_WITH_WEAK_PULLUP                ;        ;                       ;         ; Row I/O    ;                 ; no       ; On           ;
; F19      ; 353        ; 6        ; RESERVED_INPUT_WITH_WEAK_PULLUP                ;        ;                       ;         ; Row I/O    ;                 ; no       ; On           ;
; F20      ; 342        ; 6        ; RESERVED_INPUT_WITH_WEAK_PULLUP                ;        ;                       ;         ; Row I/O    ;                 ; no       ; On           ;
; F21      ; 340        ; 6        ; RESERVED_INPUT_WITH_WEAK_PULLUP                ;        ;                       ;         ; Row I/O    ;                 ; no       ; On           ;
; F22      ; 331        ; 6        ; RESERVED_INPUT_WITH_WEAK_PULLUP                ;        ;                       ;         ; Row I/O    ;                 ; no       ; On           ;
; G1       ; 45         ; 1B       ; RESERVED_INPUT_WITH_WEAK_PULLUP                ;        ;                       ;         ; Row I/O    ;                 ; no       ; On           ;
; G2       ; 34         ; 1B       ; ~ALTERA_TCK~ / RESERVED_INPUT                  ; input  ; 2.5 V Schmitt Trigger ;         ; Row I/O    ; N               ; no       ; Off          ;
; G3       ; 11         ; 1A       ; RESERVED_INPUT_WITH_WEAK_PULLUP                ;        ;                       ;         ; Row I/O    ;                 ; no       ; On           ;
; G4       ; 5          ; 1A       ; RESERVED_INPUT_WITH_WEAK_PULLUP                ;        ;                       ;         ; Row I/O    ;                 ; no       ; On           ;
; G5       ;            ;          ; ANAIN1                                         ;        ;                       ;         ; --         ;                 ; --       ; --           ;
; G6       ;            ;          ; GND                                            ; gnd    ;                       ;         ; --         ;                 ; --       ; --           ;
; G7       ;            ;          ; VCCD_PLL3                                      ; power  ;                       ; 1.2V    ; --         ;                 ; --       ; --           ;
; G8       ;            ;          ; GND                                            ; gnd    ;                       ;         ; --         ;                 ; --       ; --           ;
; G9       ; 492        ; 8        ; ~ALTERA_nSTATUS~ / RESERVED_INPUT              ; input  ; 2.5 V Schmitt Trigger ;         ; Column I/O ; N               ; no       ; Off          ;
; G10      ;            ; 8        ; VCCIO8                                         ; power  ;                       ; 2.5V    ; --         ;                 ; --       ; --           ;
; G11      ;            ; 8        ; VCCIO8                                         ; power  ;                       ; 2.5V    ; --         ;                 ; --       ; --           ;
; G12      ;            ; 7        ; VCCIO7                                         ; power  ;                       ; 3.3V    ; --         ;                 ; --       ; --           ;
; G13      ;            ; 7        ; VCCIO7                                         ; power  ;                       ; 3.3V    ; --         ;                 ; --       ; --           ;
; G14      ;            ; 7        ; VCCIO7                                         ; power  ;                       ; 3.3V    ; --         ;                 ; --       ; --           ;
; G15      ;            ;          ; GND                                            ; gnd    ;                       ;         ; --         ;                 ; --       ; --           ;
; G16      ;            ;          ; VCCD_PLL2                                      ; power  ;                       ; 1.2V    ; --         ;                 ; --       ; --           ;
; G17      ; 386        ; 6        ; RESERVED_INPUT_WITH_WEAK_PULLUP                ;        ;                       ;         ; Row I/O    ;                 ; no       ; On           ;
; G18      ;            ;          ; GND                                            ; gnd    ;                       ;         ; --         ;                 ; --       ; --           ;
; G19      ; 330        ; 6        ; RESERVED_INPUT_WITH_WEAK_PULLUP                ;        ;                       ;         ; Row I/O    ;                 ; no       ; On           ;
; G20      ; 328        ; 6        ; RESERVED_INPUT_WITH_WEAK_PULLUP                ;        ;                       ;         ; Row I/O    ;                 ; no       ; On           ;
; G21      ;            ;          ; GND                                            ; gnd    ;                       ;         ; --         ;                 ; --       ; --           ;
; G22      ; 329        ; 6        ; RESERVED_INPUT_WITH_WEAK_PULLUP                ;        ;                       ;         ; Row I/O    ;                 ; no       ; On           ;
; H1       ; 44         ; 1B       ; RESERVED_INPUT_WITH_WEAK_PULLUP                ;        ;                       ;         ; Row I/O    ;                 ; no       ; On           ;
; H2       ; 32         ; 1B       ; ~ALTERA_TMS~ / RESERVED_INPUT_WITH_WEAK_PULLUP ; input  ; 2.5 V Schmitt Trigger ;         ; Row I/O    ; N               ; no       ; On           ;
; H3       ; 10         ; 1A       ; RESERVED_INPUT_WITH_WEAK_PULLUP                ;        ;                       ;         ; Row I/O    ;                 ; no       ; On           ;
; H4       ; 9          ; 1A       ; RESERVED_INPUT_WITH_WEAK_PULLUP                ;        ;                       ;         ; Row I/O    ;                 ; no       ; On           ;
; H5       ;            ;          ; REFGND                                         ;        ;                       ;         ; --         ;                 ; --       ; --           ;
; H6       ;            ;          ; ADC_VREF                                       ;        ;                       ;         ; --         ;                 ; --       ; --           ;
; H7       ;            ; --       ; VCCA_ADC                                       ; power  ;                       ; 2.5V    ; --         ;                 ; --       ; --           ;
; H8       ;            ; --       ; VCCA3                                          ; power  ;                       ; 2.5V    ; --         ;                 ; --       ; --           ;
; H9       ; 482        ; 8        ; ~ALTERA_nCONFIG~ / RESERVED_INPUT              ; input  ; 2.5 V Schmitt Trigger ;         ; Column I/O ; N               ; no       ; Off          ;
; H10      ; 480        ; 8        ; ~ALTERA_CONFIG_SEL~ / RESERVED_INPUT           ; input  ; 2.5 V                 ;         ; Column I/O ; N               ; no       ; Off          ;
; H11      ; 470        ; 8        ; RESERVED_INPUT_WITH_WEAK_PULLUP                ;        ;                       ;         ; Column I/O ;                 ; no       ; On           ;
; H12      ; 444        ; 7        ; RESERVED_INPUT_WITH_WEAK_PULLUP                ;        ;                       ;         ; Column I/O ;                 ; no       ; On           ;
; H13      ; 432        ; 7        ; RESERVED_INPUT_WITH_WEAK_PULLUP                ;        ;                       ;         ; Column I/O ;                 ; no       ; On           ;
; H14      ; 420        ; 7        ; RESERVED_INPUT_WITH_WEAK_PULLUP                ;        ;                       ;         ; Column I/O ;                 ; no       ; On           ;
; H15      ;            ; --       ; VCCA2                                          ; power  ;                       ; 2.5V    ; --         ;                 ; --       ; --           ;
; H16      ;            ; 6        ; VCCIO6                                         ; power  ;                       ; 3.3V    ; --         ;                 ; --       ; --           ;
; H17      ; 384        ; 6        ; RESERVED_INPUT_WITH_WEAK_PULLUP                ;        ;                       ;         ; Row I/O    ;                 ; no       ; On           ;
; H18      ; 374        ; 6        ; RESERVED_INPUT_WITH_WEAK_PULLUP                ;        ;                       ;         ; Row I/O    ;                 ; no       ; On           ;
; H19      ; 372        ; 6        ; RESERVED_INPUT_WITH_WEAK_PULLUP                ;        ;                       ;         ; Row I/O    ;                 ; no       ; On           ;
; H20      ; 375        ; 6        ; RESERVED_INPUT_WITH_WEAK_PULLUP                ;        ;                       ;         ; Row I/O    ;                 ; no       ; On           ;
; H21      ; 323        ; 6        ; RESERVED_INPUT_WITH_WEAK_PULLUP                ;        ;                       ;         ; Row I/O    ;                 ; no       ; On           ;
; H22      ; 321        ; 6        ; RESERVED_INPUT_WITH_WEAK_PULLUP                ;        ;                       ;         ; Row I/O    ;                 ; no       ; On           ;
; J1       ; 46         ; 1B       ; RESERVED_INPUT_WITH_WEAK_PULLUP                ;        ;                       ;         ; Row I/O    ;                 ; no       ; On           ;
; J2       ;            ;          ; GND                                            ; gnd    ;                       ;         ; --         ;                 ; --       ; --           ;
; J3       ; 15         ; 1A       ; RESERVED_INPUT_WITH_WEAK_PULLUP                ;        ;                       ;         ; Row I/O    ;                 ; no       ; On           ;
; J4       ; 8          ; 1A       ; RESERVED_INPUT_WITH_WEAK_PULLUP                ;        ;                       ;         ; Row I/O    ;                 ; no       ; On           ;
; J5       ;            ;          ; ANAIN2                                         ;        ;                       ;         ; --         ;                 ; --       ; --           ;
; J6       ;            ;          ; GND                                            ; gnd    ;                       ;         ; --         ;                 ; --       ; --           ;
; J7       ;            ;          ; VCCINT                                         ; power  ;                       ; 1.2V    ; --         ;                 ; --       ; --           ;
; J8       ; 4          ; 1A       ; RESERVED_INPUT_WITH_WEAK_PULLUP                ;        ;                       ;         ; Row I/O    ;                 ; no       ; On           ;
; J9       ; 6          ; 1A       ; RESERVED_INPUT_WITH_WEAK_PULLUP                ;        ;                       ;         ; Row I/O    ;                 ; no       ; On           ;
; J10      ; 468        ; 8        ; RESERVED_INPUT_WITH_WEAK_PULLUP                ;        ;                       ;         ; Column I/O ;                 ; no       ; On           ;
; J11      ; 446        ; 7        ; RESERVED_INPUT_WITH_WEAK_PULLUP                ;        ;                       ;         ; Column I/O ;                 ; no       ; On           ;
; J12      ; 434        ; 7        ; RESERVED_INPUT_WITH_WEAK_PULLUP                ;        ;                       ;         ; Column I/O ;                 ; no       ; On           ;
; J13      ; 422        ; 7        ; RESERVED_INPUT_WITH_WEAK_PULLUP                ;        ;                       ;         ; Column I/O ;                 ; no       ; On           ;
; J14      ; 368        ; 6        ; RESERVED_INPUT_WITH_WEAK_PULLUP                ;        ;                       ;         ; Row I/O    ;                 ; no       ; On           ;
; J15      ; 370        ; 6        ; RESERVED_INPUT_WITH_WEAK_PULLUP                ;        ;                       ;         ; Row I/O    ;                 ; no       ; On           ;
; J16      ;            ;          ; GND                                            ; gnd    ;                       ;         ; --         ;                 ; --       ; --           ;
; J17      ;            ; 6        ; VCCIO6                                         ; power  ;                       ; 3.3V    ; --         ;                 ; --       ; --           ;
; J18      ; 362        ; 6        ; RESERVED_INPUT_WITH_WEAK_PULLUP                ;        ;                       ;         ; Row I/O    ;                 ; no       ; On           ;
; J19      ;            ;          ; GND                                            ; gnd    ;                       ;         ; --         ;                 ; --       ; --           ;
; J20      ; 373        ; 6        ; HEX5[0]                                        ; output ; 3.3-V LVTTL           ;         ; Row I/O    ; Y               ; no       ; Off          ;
; J21      ; 327        ; 6        ; RESERVED_INPUT_WITH_WEAK_PULLUP                ;        ;                       ;         ; Row I/O    ;                 ; no       ; On           ;
; J22      ; 325        ; 6        ; RESERVED_INPUT_WITH_WEAK_PULLUP                ;        ;                       ;         ; Row I/O    ;                 ; no       ; On           ;
; K1       ; 49         ; 1B       ; RESERVED_INPUT_WITH_WEAK_PULLUP                ;        ;                       ;         ; Row I/O    ;                 ; no       ; On           ;
; K2       ; 37         ; 1B       ; RESERVED_INPUT_WITH_WEAK_PULLUP                ;        ;                       ;         ; Row I/O    ;                 ; no       ; On           ;
; K3       ;            ;          ; GND                                            ; gnd    ;                       ;         ; --         ;                 ; --       ; --           ;
; K4       ; 13         ; 1A       ; RESERVED_INPUT_WITH_WEAK_PULLUP                ;        ;                       ;         ; Row I/O    ;                 ; no       ; On           ;
; K5       ; 12         ; 1A       ; RESERVED_INPUT_WITH_WEAK_PULLUP                ;        ;                       ;         ; Row I/O    ;                 ; no       ; On           ;
; K6       ; 14         ; 1A       ; RESERVED_INPUT_WITH_WEAK_PULLUP                ;        ;                       ;         ; Row I/O    ;                 ; no       ; On           ;
; K7       ;            ; 1A       ; VCCIO1A                                        ; power  ;                       ; 2.5V    ; --         ;                 ; --       ; --           ;
; K8       ; 28         ; 1B       ; RESERVED_INPUT_WITH_WEAK_PULLUP                ;        ;                       ;         ; Row I/O    ;                 ; no       ; On           ;
; K9       ; 30         ; 1B       ; RESERVED_INPUT_WITH_WEAK_PULLUP                ;        ;                       ;         ; Row I/O    ;                 ; no       ; On           ;
; K10      ;            ;          ; GND                                            ; gnd    ;                       ;         ; --         ;                 ; --       ; --           ;
; K11      ;            ; --       ; VCC                                            ; power  ;                       ; 1.2V    ; --         ;                 ; --       ; --           ;
; K12      ;            ;          ; GND                                            ; gnd    ;                       ;         ; --         ;                 ; --       ; --           ;
; K13      ;            ; --       ; VCC                                            ; power  ;                       ; 1.2V    ; --         ;                 ; --       ; --           ;
; K14      ; 356        ; 6        ; RESERVED_INPUT_WITH_WEAK_PULLUP                ;        ;                       ;         ; Row I/O    ;                 ; no       ; On           ;
; K15      ; 358        ; 6        ; RESERVED_INPUT_WITH_WEAK_PULLUP                ;        ;                       ;         ; Row I/O    ;                 ; no       ; On           ;
; K16      ;            ; 6        ; VCCIO6                                         ; power  ;                       ; 3.3V    ; --         ;                 ; --       ; --           ;
; K17      ;            ; 6        ; VCCIO6                                         ; power  ;                       ; 3.3V    ; --         ;                 ; --       ; --           ;
; K18      ; 360        ; 6        ; RESERVED_INPUT_WITH_WEAK_PULLUP                ;        ;                       ;         ; Row I/O    ;                 ; no       ; On           ;
; K19      ; 361        ; 6        ; RESERVED_INPUT_WITH_WEAK_PULLUP                ;        ;                       ;         ; Row I/O    ;                 ; no       ; On           ;
; K20      ; 363        ; 6        ; HEX5[1]                                        ; output ; 3.3-V LVTTL           ;         ; Row I/O    ; Y               ; no       ; Off          ;
; K21      ; 326        ; 6        ; RESERVED_INPUT_WITH_WEAK_PULLUP                ;        ;                       ;         ; Row I/O    ;                 ; no       ; On           ;
; K22      ; 324        ; 6        ; RESERVED_INPUT_WITH_WEAK_PULLUP                ;        ;                       ;         ; Row I/O    ;                 ; no       ; On           ;
; L1       ; 51         ; 1B       ; RESERVED_INPUT_WITH_WEAK_PULLUP                ;        ;                       ;         ; Row I/O    ;                 ; no       ; On           ;
; L2       ; 39         ; 1B       ; RESERVED_INPUT_WITH_WEAK_PULLUP                ;        ;                       ;         ; Row I/O    ;                 ; no       ; On           ;
; L3       ;            ;          ; DNU                                            ;        ;                       ;         ; --         ;                 ; --       ; --           ;
; L4       ; 36         ; 1B       ; ~ALTERA_TDI~ / RESERVED_INPUT_WITH_WEAK_PULLUP ; input  ; 2.5 V Schmitt Trigger ;         ; Row I/O    ; N               ; no       ; On           ;
; L5       ;            ;          ; GND                                            ; gnd    ;                       ;         ; --         ;                 ; --       ; --           ;
; L6       ;            ; 1A       ; VCCIO1A                                        ; power  ;                       ; 2.5V    ; --         ;                 ; --       ; --           ;
; L7       ;            ; 1B       ; VCCIO1B                                        ; power  ;                       ; 2.5V    ; --         ;                 ; --       ; --           ;
; L8       ; 40         ; 1B       ; RESERVED_INPUT_WITH_WEAK_PULLUP                ;        ;                       ;         ; Row I/O    ;                 ; no       ; On           ;
; L9       ; 42         ; 1B       ; RESERVED_INPUT_WITH_WEAK_PULLUP                ;        ;                       ;         ; Row I/O    ;                 ; no       ; On           ;
; L10      ;            ; --       ; VCC                                            ; power  ;                       ; 1.2V    ; --         ;                 ; --       ; --           ;
; L11      ;            ; --       ; VCC                                            ; power  ;                       ; 1.2V    ; --         ;                 ; --       ; --           ;
; L12      ;            ; --       ; VCC                                            ; power  ;                       ; 1.2V    ; --         ;                 ; --       ; --           ;
; L13      ;            ;          ; GND                                            ; gnd    ;                       ;         ; --         ;                 ; --       ; --           ;
; L14      ; 344        ; 6        ; RESERVED_INPUT_WITH_WEAK_PULLUP                ;        ;                       ;         ; Row I/O    ;                 ; no       ; On           ;
; L15      ; 346        ; 6        ; RESERVED_INPUT_WITH_WEAK_PULLUP                ;        ;                       ;         ; Row I/O    ;                 ; no       ; On           ;
; L16      ;            ; 6        ; VCCIO6                                         ; power  ;                       ; 3.3V    ; --         ;                 ; --       ; --           ;
; L17      ;            ;          ; GND                                            ; gnd    ;                       ;         ; --         ;                 ; --       ; --           ;
; L18      ; 350        ; 6        ; HEX5[2]                                        ; output ; 3.3-V LVTTL           ;         ; Row I/O    ; Y               ; no       ; Off          ;
; L19      ; 349        ; 6        ; RESERVED_INPUT_WITH_WEAK_PULLUP                ;        ;                       ;         ; Row I/O    ;                 ; no       ; On           ;
; L20      ; 351        ; 6        ; RESERVED_INPUT_WITH_WEAK_PULLUP                ;        ;                       ;         ; Row I/O    ;                 ; no       ; On           ;
; L21      ;            ;          ; GND                                            ; gnd    ;                       ;         ; --         ;                 ; --       ; --           ;
; L22      ; 314        ; 5        ; RESERVED_INPUT_WITH_WEAK_PULLUP                ;        ;                       ;         ; Row I/O    ;                 ; no       ; On           ;
; M1       ; 79         ; 2        ; RESERVED_INPUT_WITH_WEAK_PULLUP                ;        ;                       ;         ; Row I/O    ;                 ; no       ; On           ;
; M2       ; 77         ; 2        ; RESERVED_INPUT_WITH_WEAK_PULLUP                ;        ;                       ;         ; Row I/O    ;                 ; --       ; --           ;
; M3       ; 50         ; 1B       ; RESERVED_INPUT_WITH_WEAK_PULLUP                ;        ;                       ;         ; Row I/O    ;                 ; no       ; On           ;
; M4       ; 48         ; 1B       ; RESERVED_INPUT_WITH_WEAK_PULLUP                ;        ;                       ;         ; Row I/O    ;                 ; no       ; On           ;
; M5       ; 38         ; 1B       ; ~ALTERA_TDO~                                   ; output ; 2.5 V                 ;         ; Row I/O    ; N               ; no       ; Off          ;
; M6       ;            ; 1B       ; VCCIO1B                                        ; power  ;                       ; 2.5V    ; --         ;                 ; --       ; --           ;
; M7       ;            ;          ; GND                                            ; gnd    ;                       ;         ; --         ;                 ; --       ; --           ;
; M8       ; 72         ; 2        ; RESERVED_INPUT_WITH_WEAK_PULLUP                ;        ;                       ;         ; Row I/O    ;                 ; no       ; On           ;
; M9       ; 74         ; 2        ; RESERVED_INPUT_WITH_WEAK_PULLUP                ;        ;                       ;         ; Row I/O    ;                 ; no       ; On           ;
; M10      ;            ;          ; GND                                            ; gnd    ;                       ;         ; --         ;                 ; --       ; --           ;
; M11      ;            ; --       ; VCC                                            ; power  ;                       ; 1.2V    ; --         ;                 ; --       ; --           ;
; M12      ;            ; --       ; VCC                                            ; power  ;                       ; 1.2V    ; --         ;                 ; --       ; --           ;
; M13      ;            ; --       ; VCC                                            ; power  ;                       ; 1.2V    ; --         ;                 ; --       ; --           ;
; M14      ; 334        ; 6        ; RESERVED_INPUT_WITH_WEAK_PULLUP                ;        ;                       ;         ; Row I/O    ;                 ; no       ; On           ;
; M15      ; 332        ; 6        ; RESERVED_INPUT_WITH_WEAK_PULLUP                ;        ;                       ;         ; Row I/O    ;                 ; no       ; On           ;
; M16      ;            ;          ; GND                                            ; gnd    ;                       ;         ; --         ;                 ; --       ; --           ;
; M17      ;            ; 6        ; VCCIO6                                         ; power  ;                       ; 3.3V    ; --         ;                 ; --       ; --           ;
; M18      ; 348        ; 6        ; RESERVED_INPUT_WITH_WEAK_PULLUP                ;        ;                       ;         ; Row I/O    ;                 ; no       ; On           ;
; M19      ;            ;          ; GND                                            ; gnd    ;                       ;         ; --         ;                 ; --       ; --           ;
; M20      ; 337        ; 6        ; HEX5[4]                                        ; output ; 3.3-V LVTTL           ;         ; Row I/O    ; Y               ; no       ; Off          ;
; M21      ; 312        ; 5        ; RESERVED_INPUT_WITH_WEAK_PULLUP                ;        ;                       ;         ; Row I/O    ;                 ; no       ; On           ;
; M22      ; 315        ; 5        ; RESERVED_INPUT_WITH_WEAK_PULLUP                ;        ;                       ;         ; Row I/O    ;                 ; no       ; On           ;
; N1       ; 87         ; 2        ; RESERVED_INPUT_WITH_WEAK_PULLUP                ;        ;                       ;         ; Row I/O    ;                 ; no       ; On           ;
; N2       ; 75         ; 2        ; RESERVED_INPUT_WITH_WEAK_PULLUP                ;        ;                       ;         ; Row I/O    ;                 ; no       ; On           ;
; N3       ; 73         ; 2        ; RESERVED_INPUT_WITH_WEAK_PULLUP                ;        ;                       ;         ; Row I/O    ;                 ; no       ; On           ;
; N4       ; 56         ; 2        ; RESERVED_INPUT_WITH_WEAK_PULLUP                ;        ;                       ;         ; Row I/O    ;                 ; no       ; On           ;
; N5       ; 58         ; 2        ; RESERVED_INPUT_WITH_WEAK_PULLUP                ;        ;                       ;         ; Row I/O    ;                 ; no       ; On           ;
; N6       ;            ; 2        ; VCCIO2                                         ; power  ;                       ; 2.5V    ; --         ;                 ; --       ; --           ;
; N7       ;            ; 2        ; VCCIO2                                         ; power  ;                       ; 2.5V    ; --         ;                 ; --       ; --           ;
; N8       ; 84         ; 2        ; RESERVED_INPUT_WITH_WEAK_PULLUP                ;        ;                       ;         ; Row I/O    ;                 ; no       ; On           ;
; N9       ; 86         ; 2        ; RESERVED_INPUT_WITH_WEAK_PULLUP                ;        ;                       ;         ; Row I/O    ;                 ; no       ; On           ;
; N10      ;            ; --       ; VCC                                            ; power  ;                       ; 1.2V    ; --         ;                 ; --       ; --           ;
; N11      ;            ;          ; GND                                            ; gnd    ;                       ;         ; --         ;                 ; --       ; --           ;
; N12      ;            ; --       ; VCC                                            ; power  ;                       ; 1.2V    ; --         ;                 ; --       ; --           ;
; N13      ;            ;          ; GND                                            ; gnd    ;                       ;         ; --         ;                 ; --       ; --           ;
; N14      ; 320        ; 6        ; RESERVED_INPUT_WITH_WEAK_PULLUP                ;        ;                       ;         ; Row I/O    ;                 ; no       ; On           ;
; N15      ; 322        ; 6        ; RESERVED_INPUT_WITH_WEAK_PULLUP                ;        ;                       ;         ; Row I/O    ;                 ; no       ; On           ;
; N16      ;            ; 5        ; VCCIO5                                         ; power  ;                       ; 2.5V    ; --         ;                 ; --       ; --           ;
; N17      ;            ; 6        ; VCCIO6                                         ; power  ;                       ; 3.3V    ; --         ;                 ; --       ; --           ;
; N18      ; 336        ; 6        ; HEX5[3]                                        ; output ; 3.3-V LVTTL           ;         ; Row I/O    ; Y               ; no       ; Off          ;
; N19      ; 338        ; 6        ; HEX5[5]                                        ; output ; 3.3-V LVTTL           ;         ; Row I/O    ; Y               ; no       ; Off          ;
; N20      ; 339        ; 6        ; HEX5[6]                                        ; output ; 3.3-V LVTTL           ;         ; Row I/O    ; Y               ; no       ; Off          ;
; N21      ; 313        ; 5        ; RESERVED_INPUT_WITH_WEAK_PULLUP                ;        ;                       ;         ; Row I/O    ;                 ; no       ; On           ;
; N22      ; 307        ; 5        ; RESERVED_INPUT_WITH_WEAK_PULLUP                ;        ;                       ;         ; Row I/O    ;                 ; no       ; On           ;
; P1       ; 85         ; 2        ; RESERVED_INPUT_WITH_WEAK_PULLUP                ;        ;                       ;         ; Row I/O    ;                 ; no       ; On           ;
; P2       ;            ;          ; GND                                            ; gnd    ;                       ;         ; --         ;                 ; --       ; --           ;
; P3       ; 76         ; 2        ; RESERVED_INPUT_WITH_WEAK_PULLUP                ;        ;                       ;         ; Row I/O    ;                 ; no       ; On           ;
; P4       ; 57         ; 2        ; RESERVED_INPUT_WITH_WEAK_PULLUP                ;        ;                       ;         ; Row I/O    ;                 ; no       ; On           ;
; P5       ; 59         ; 2        ; RESERVED_INPUT_WITH_WEAK_PULLUP                ;        ;                       ;         ; Row I/O    ;                 ; no       ; On           ;
; P6       ;            ;          ; GND                                            ; gnd    ;                       ;         ; --         ;                 ; --       ; --           ;
; P7       ;            ; 2        ; VCCIO2                                         ; power  ;                       ; 2.5V    ; --         ;                 ; --       ; --           ;
; P8       ; 96         ; 2        ; RESERVED_INPUT_WITH_WEAK_PULLUP                ;        ;                       ;         ; Row I/O    ;                 ; no       ; On           ;
; P9       ; 142        ; 3        ; RESERVED_INPUT_WITH_WEAK_PULLUP                ;        ;                       ;         ; Column I/O ;                 ; no       ; On           ;
; P10      ; 154        ; 3        ; RESERVED_INPUT_WITH_WEAK_PULLUP                ;        ;                       ;         ; Column I/O ;                 ; no       ; On           ;
; P11      ; 166        ; 3        ; RESERVED_INPUT_WITH_WEAK_PULLUP                ;        ;                       ;         ; Column I/O ;                 ; no       ; On           ;
; P12      ; 178        ; 4        ; RESERVED_INPUT_WITH_WEAK_PULLUP                ;        ;                       ;         ; Column I/O ;                 ; no       ; On           ;
; P13      ; 198        ; 4        ; RESERVED_INPUT_WITH_WEAK_PULLUP                ;        ;                       ;         ; Column I/O ;                 ; no       ; On           ;
; P14      ; 306        ; 5        ; RESERVED_INPUT_WITH_WEAK_PULLUP                ;        ;                       ;         ; Row I/O    ;                 ; no       ; On           ;
; P15      ; 304        ; 5        ; RESERVED_INPUT_WITH_WEAK_PULLUP                ;        ;                       ;         ; Row I/O    ;                 ; no       ; On           ;
; P16      ;            ; 5        ; VCCIO5                                         ; power  ;                       ; 2.5V    ; --         ;                 ; --       ; --           ;
; P17      ;            ;          ; GND                                            ; gnd    ;                       ;         ; --         ;                 ; --       ; --           ;
; P18      ; 310        ; 5        ; RESERVED_INPUT_WITH_WEAK_PULLUP                ;        ;                       ;         ; Row I/O    ;                 ; no       ; On           ;
; P19      ; 309        ; 5        ; RESERVED_INPUT_WITH_WEAK_PULLUP                ;        ;                       ;         ; Row I/O    ;                 ; no       ; On           ;
; P20      ; 311        ; 5        ; RESERVED_INPUT_WITH_WEAK_PULLUP                ;        ;                       ;         ; Row I/O    ;                 ; no       ; On           ;
; P21      ; 305        ; 5        ; RESERVED_INPUT_WITH_WEAK_PULLUP                ;        ;                       ;         ; Row I/O    ;                 ; no       ; On           ;
; P22      ; 303        ; 5        ; RESERVED_INPUT_WITH_WEAK_PULLUP                ;        ;                       ;         ; Row I/O    ;                 ; --       ; --           ;
; R1       ; 121        ; 2        ; RESERVED_INPUT_WITH_WEAK_PULLUP                ;        ;                       ;         ; Row I/O    ;                 ; no       ; On           ;
; R2       ; 123        ; 2        ; RESERVED_INPUT_WITH_WEAK_PULLUP                ;        ;                       ;         ; Row I/O    ;                 ; no       ; On           ;
; R3       ; 78         ; 2        ; RESERVED_INPUT_WITH_WEAK_PULLUP                ;        ;                       ;         ; Row I/O    ;                 ; no       ; On           ;
; R4       ; 80         ; 2        ; RESERVED_INPUT_WITH_WEAK_PULLUP                ;        ;                       ;         ; Row I/O    ;                 ; no       ; On           ;
; R5       ; 82         ; 2        ; RESERVED_INPUT_WITH_WEAK_PULLUP                ;        ;                       ;         ; Row I/O    ;                 ; no       ; On           ;
; R6       ;            ; 2        ; VCCIO2                                         ; power  ;                       ; 2.5V    ; --         ;                 ; --       ; --           ;
; R7       ; 98         ; 2        ; RESERVED_INPUT_WITH_WEAK_PULLUP                ;        ;                       ;         ; Row I/O    ;                 ; no       ; On           ;
; R8       ;            ; --       ; VCCA1                                          ; power  ;                       ; 2.5V    ; --         ;                 ; --       ; --           ;
; R9       ; 140        ; 3        ; RESERVED_INPUT_WITH_WEAK_PULLUP                ;        ;                       ;         ; Column I/O ;                 ; no       ; On           ;
; R10      ; 152        ; 3        ; RESERVED_INPUT_WITH_WEAK_PULLUP                ;        ;                       ;         ; Column I/O ;                 ; no       ; On           ;
; R11      ; 164        ; 3        ; RESERVED_INPUT_WITH_WEAK_PULLUP                ;        ;                       ;         ; Column I/O ;                 ; no       ; On           ;
; R12      ; 176        ; 4        ; RESERVED_INPUT_WITH_WEAK_PULLUP                ;        ;                       ;         ; Column I/O ;                 ; no       ; On           ;
; R13      ; 196        ; 4        ; RESERVED_INPUT_WITH_WEAK_PULLUP                ;        ;                       ;         ; Column I/O ;                 ; no       ; On           ;
; R14      ; 294        ; 5        ; RESERVED_INPUT_WITH_WEAK_PULLUP                ;        ;                       ;         ; Row I/O    ;                 ; no       ; On           ;
; R15      ; 292        ; 5        ; RESERVED_INPUT_WITH_WEAK_PULLUP                ;        ;                       ;         ; Row I/O    ;                 ; no       ; On           ;
; R16      ;            ; 5        ; VCCIO5                                         ; power  ;                       ; 2.5V    ; --         ;                 ; --       ; --           ;
; R17      ;            ; 5        ; VCCIO5                                         ; power  ;                       ; 2.5V    ; --         ;                 ; --       ; --           ;
; R18      ; 308        ; 5        ; RESERVED_INPUT_WITH_WEAK_PULLUP                ;        ;                       ;         ; Row I/O    ;                 ; no       ; On           ;
; R19      ;            ;          ; GND                                            ; gnd    ;                       ;         ; --         ;                 ; --       ; --           ;
; R20      ; 299        ; 5        ; RESERVED_INPUT_WITH_WEAK_PULLUP                ;        ;                       ;         ; Row I/O    ;                 ; no       ; On           ;
; R21      ;            ;          ; GND                                            ; gnd    ;                       ;         ; --         ;                 ; --       ; --           ;
; R22      ; 301        ; 5        ; RESERVED_INPUT_WITH_WEAK_PULLUP                ;        ;                       ;         ; Row I/O    ;                 ; no       ; On           ;
; T1       ; 81         ; 2        ; RESERVED_INPUT_WITH_WEAK_PULLUP                ;        ;                       ;         ; Row I/O    ;                 ; no       ; On           ;
; T2       ; 83         ; 2        ; RESERVED_INPUT_WITH_WEAK_PULLUP                ;        ;                       ;         ; Row I/O    ;                 ; no       ; On           ;
; T3       ; 88         ; 2        ; RESERVED_INPUT_WITH_WEAK_PULLUP                ;        ;                       ;         ; Row I/O    ;                 ; no       ; On           ;
; T4       ;            ;          ; GND                                            ; gnd    ;                       ;         ; --         ;                 ; --       ; --           ;
; T5       ; 120        ; 2        ; RESERVED_INPUT_WITH_WEAK_PULLUP                ;        ;                       ;         ; Row I/O    ;                 ; no       ; On           ;
; T6       ; 122        ; 2        ; RESERVED_INPUT_WITH_WEAK_PULLUP                ;        ;                       ;         ; Row I/O    ;                 ; no       ; On           ;
; T7       ;            ;          ; VCCD_PLL1                                      ; power  ;                       ; 1.2V    ; --         ;                 ; --       ; --           ;
; T8       ;            ;          ; GND                                            ; gnd    ;                       ;         ; --         ;                 ; --       ; --           ;
; T9       ;            ; 3        ; VCCIO3                                         ; power  ;                       ; 2.5V    ; --         ;                 ; --       ; --           ;
; T10      ;            ; 3        ; VCCIO3                                         ; power  ;                       ; 2.5V    ; --         ;                 ; --       ; --           ;
; T11      ;            ; 3        ; VCCIO3                                         ; power  ;                       ; 2.5V    ; --         ;                 ; --       ; --           ;
; T12      ;            ; 4        ; VCCIO4                                         ; power  ;                       ; 2.5V    ; --         ;                 ; --       ; --           ;
; T13      ;            ; 4        ; VCCIO4                                         ; power  ;                       ; 2.5V    ; --         ;                 ; --       ; --           ;
; T14      ;            ;          ; GND                                            ; gnd    ;                       ;         ; --         ;                 ; --       ; --           ;
; T15      ;            ; --       ; VCCA4                                          ; power  ;                       ; 2.5V    ; --         ;                 ; --       ; --           ;
; T16      ;            ;          ; GND                                            ; gnd    ;                       ;         ; --         ;                 ; --       ; --           ;
; T17      ;            ; 5        ; VCCIO5                                         ; power  ;                       ; 2.5V    ; --         ;                 ; --       ; --           ;
; T18      ; 298        ; 5        ; RESERVED_INPUT_WITH_WEAK_PULLUP                ;        ;                       ;         ; Row I/O    ;                 ; no       ; On           ;
; T19      ; 296        ; 5        ; RESERVED_INPUT_WITH_WEAK_PULLUP                ;        ;                       ;         ; Row I/O    ;                 ; no       ; On           ;
; T20      ; 297        ; 5        ; RESERVED_INPUT_WITH_WEAK_PULLUP                ;        ;                       ;         ; Row I/O    ;                 ; no       ; On           ;
; T21      ; 293        ; 5        ; RESERVED_INPUT_WITH_WEAK_PULLUP                ;        ;                       ;         ; Row I/O    ;                 ; no       ; On           ;
; T22      ; 295        ; 5        ; RESERVED_INPUT_WITH_WEAK_PULLUP                ;        ;                       ;         ; Row I/O    ;                 ; no       ; On           ;
; U1       ; 89         ; 2        ; RESERVED_INPUT_WITH_WEAK_PULLUP                ;        ;                       ;         ; Row I/O    ;                 ; no       ; On           ;
; U2       ; 90         ; 2        ; RESERVED_INPUT_WITH_WEAK_PULLUP                ;        ;                       ;         ; Row I/O    ;                 ; no       ; On           ;
; U3       ; 93         ; 2        ; RESERVED_INPUT_WITH_WEAK_PULLUP                ;        ;                       ;         ; Row I/O    ;                 ; no       ; On           ;
; U4       ; 92         ; 2        ; RESERVED_INPUT_WITH_WEAK_PULLUP                ;        ;                       ;         ; Row I/O    ;                 ; no       ; On           ;
; U5       ; 94         ; 2        ; RESERVED_INPUT_WITH_WEAK_PULLUP                ;        ;                       ;         ; Row I/O    ;                 ; no       ; On           ;
; U6       ; 128        ; 3        ; RESERVED_INPUT_WITH_WEAK_PULLUP                ;        ;                       ;         ; Column I/O ;                 ; no       ; On           ;
; U7       ; 130        ; 3        ; RESERVED_INPUT_WITH_WEAK_PULLUP                ;        ;                       ;         ; Column I/O ;                 ; no       ; On           ;
; U8       ;            ; 3        ; VCCIO3                                         ; power  ;                       ; 2.5V    ; --         ;                 ; --       ; --           ;
; U9       ;            ; 3        ; VCCIO3                                         ; power  ;                       ; 2.5V    ; --         ;                 ; --       ; --           ;
; U10      ;            ;          ; GND                                            ; gnd    ;                       ;         ; --         ;                 ; --       ; --           ;
; U11      ;            ; 4        ; VCCIO4                                         ; power  ;                       ; 2.5V    ; --         ;                 ; --       ; --           ;
; U12      ;            ; 4        ; VCCIO4                                         ; power  ;                       ; 2.5V    ; --         ;                 ; --       ; --           ;
; U13      ;            ;          ; GND                                            ; gnd    ;                       ;         ; --         ;                 ; --       ; --           ;
; U14      ;            ; 4        ; VCCIO4                                         ; power  ;                       ; 2.5V    ; --         ;                 ; --       ; --           ;
; U15      ; 208        ; 4        ; RESERVED_INPUT_WITH_WEAK_PULLUP                ;        ;                       ;         ; Column I/O ;                 ; no       ; On           ;
; U16      ;            ;          ; VCCD_PLL4                                      ; power  ;                       ; 1.2V    ; --         ;                 ; --       ; --           ;
; U17      ; 246        ; 5        ; RESERVED_INPUT_WITH_WEAK_PULLUP                ;        ;                       ;         ; Row I/O    ;                 ; no       ; On           ;
; U18      ; 244        ; 5        ; RESERVED_INPUT_WITH_WEAK_PULLUP                ;        ;                       ;         ; Row I/O    ;                 ; no       ; On           ;
; U19      ; 282        ; 5        ; RESERVED_INPUT_WITH_WEAK_PULLUP                ;        ;                       ;         ; Row I/O    ;                 ; no       ; On           ;
; U20      ; 290        ; 5        ; RESERVED_INPUT_WITH_WEAK_PULLUP                ;        ;                       ;         ; Row I/O    ;                 ; no       ; On           ;
; U21      ; 300        ; 5        ; RESERVED_INPUT_WITH_WEAK_PULLUP                ;        ;                       ;         ; Row I/O    ;                 ; no       ; On           ;
; U22      ; 302        ; 5        ; RESERVED_INPUT_WITH_WEAK_PULLUP                ;        ;                       ;         ; Row I/O    ;                 ; no       ; On           ;
; V1       ; 91         ; 2        ; RESERVED_INPUT_WITH_WEAK_PULLUP                ;        ;                       ;         ; Row I/O    ;                 ; no       ; On           ;
; V2       ;            ;          ; GND                                            ; gnd    ;                       ;         ; --         ;                 ; --       ; --           ;
; V3       ; 95         ; 2        ; RESERVED_INPUT_WITH_WEAK_PULLUP                ;        ;                       ;         ; Row I/O    ;                 ; no       ; On           ;
; V4       ; 125        ; 3        ; RESERVED_INPUT_WITH_WEAK_PULLUP                ;        ;                       ;         ; Column I/O ;                 ; no       ; On           ;
; V5       ; 127        ; 3        ; RESERVED_INPUT_WITH_WEAK_PULLUP                ;        ;                       ;         ; Column I/O ;                 ; no       ; On           ;
; V6       ;            ;          ; GND                                            ; gnd    ;                       ;         ; --         ;                 ; --       ; --           ;
; V7       ; 136        ; 3        ; RESERVED_INPUT_WITH_WEAK_PULLUP                ;        ;                       ;         ; Column I/O ;                 ; no       ; On           ;
; V8       ; 138        ; 3        ; RESERVED_INPUT_WITH_WEAK_PULLUP                ;        ;                       ;         ; Column I/O ;                 ; no       ; On           ;
; V9       ; 160        ; 3        ; RESERVED_INPUT_WITH_WEAK_PULLUP                ;        ;                       ;         ; Column I/O ;                 ; no       ; On           ;
; V10      ; 162        ; 3        ; RESERVED_INPUT_WITH_WEAK_PULLUP                ;        ;                       ;         ; Column I/O ;                 ; no       ; On           ;
; V11      ; 172        ; 4        ; RESERVED_INPUT_WITH_WEAK_PULLUP                ;        ;                       ;         ; Column I/O ;                 ; no       ; On           ;
; V12      ; 174        ; 4        ; RESERVED_INPUT_WITH_WEAK_PULLUP                ;        ;                       ;         ; Column I/O ;                 ; no       ; On           ;
; V13      ; 192        ; 4        ; RESERVED_INPUT_WITH_WEAK_PULLUP                ;        ;                       ;         ; Column I/O ;                 ; no       ; On           ;
; V14      ; 204        ; 4        ; RESERVED_INPUT_WITH_WEAK_PULLUP                ;        ;                       ;         ; Column I/O ;                 ; no       ; On           ;
; V15      ; 216        ; 4        ; RESERVED_INPUT_WITH_WEAK_PULLUP                ;        ;                       ;         ; Column I/O ;                 ; no       ; On           ;
; V16      ; 210        ; 4        ; RESERVED_INPUT_WITH_WEAK_PULLUP                ;        ;                       ;         ; Column I/O ;                 ; no       ; On           ;
; V17      ; 242        ; 4        ; RESERVED_INPUT_WITH_WEAK_PULLUP                ;        ;                       ;         ; Column I/O ;                 ; no       ; On           ;
; V18      ; 280        ; 5        ; RESERVED_INPUT_WITH_WEAK_PULLUP                ;        ;                       ;         ; Row I/O    ;                 ; no       ; On           ;
; V19      ;            ;          ; GND                                            ; gnd    ;                       ;         ; --         ;                 ; --       ; --           ;
; V20      ; 288        ; 5        ; RESERVED_INPUT_WITH_WEAK_PULLUP                ;        ;                       ;         ; Row I/O    ;                 ; no       ; On           ;
; V21      ; 289        ; 5        ; RESERVED_INPUT_WITH_WEAK_PULLUP                ;        ;                       ;         ; Row I/O    ;                 ; no       ; On           ;
; V22      ; 291        ; 5        ; RESERVED_INPUT_WITH_WEAK_PULLUP                ;        ;                       ;         ; Row I/O    ;                 ; no       ; On           ;
; W1       ; 97         ; 2        ; RESERVED_INPUT_WITH_WEAK_PULLUP                ;        ;                       ;         ; Row I/O    ;                 ; no       ; On           ;
; W2       ; 99         ; 2        ; RESERVED_INPUT_WITH_WEAK_PULLUP                ;        ;                       ;         ; Row I/O    ;                 ; no       ; On           ;
; W3       ; 134        ; 3        ; RESERVED_INPUT_WITH_WEAK_PULLUP                ;        ;                       ;         ; Column I/O ;                 ; no       ; On           ;
; W4       ; 132        ; 3        ; RESERVED_INPUT_WITH_WEAK_PULLUP                ;        ;                       ;         ; Column I/O ;                 ; no       ; On           ;
; W5       ; 124        ; 3        ; RESERVED_INPUT_WITH_WEAK_PULLUP                ;        ;                       ;         ; Column I/O ;                 ; no       ; On           ;
; W6       ; 126        ; 3        ; RESERVED_INPUT_WITH_WEAK_PULLUP                ;        ;                       ;         ; Column I/O ;                 ; no       ; On           ;
; W7       ; 148        ; 3        ; RESERVED_INPUT_WITH_WEAK_PULLUP                ;        ;                       ;         ; Column I/O ;                 ; no       ; On           ;
; W8       ; 150        ; 3        ; RESERVED_INPUT_WITH_WEAK_PULLUP                ;        ;                       ;         ; Column I/O ;                 ; no       ; On           ;
; W9       ; 144        ; 3        ; RESERVED_INPUT_WITH_WEAK_PULLUP                ;        ;                       ;         ; Column I/O ;                 ; no       ; On           ;
; W10      ; 146        ; 3        ; RESERVED_INPUT_WITH_WEAK_PULLUP                ;        ;                       ;         ; Column I/O ;                 ; no       ; On           ;
; W11      ; 173        ; 4        ; RESERVED_INPUT_WITH_WEAK_PULLUP                ;        ;                       ;         ; Column I/O ;                 ; no       ; On           ;
; W12      ; 193        ; 4        ; RESERVED_INPUT_WITH_WEAK_PULLUP                ;        ;                       ;         ; Column I/O ;                 ; no       ; On           ;
; W13      ; 195        ; 4        ; RESERVED_INPUT_WITH_WEAK_PULLUP                ;        ;                       ;         ; Column I/O ;                 ; no       ; On           ;
; W14      ; 194        ; 4        ; RESERVED_INPUT_WITH_WEAK_PULLUP                ;        ;                       ;         ; Column I/O ;                 ; no       ; On           ;
; W15      ; 206        ; 4        ; RESERVED_INPUT_WITH_WEAK_PULLUP                ;        ;                       ;         ; Column I/O ;                 ; no       ; On           ;
; W16      ; 218        ; 4        ; RESERVED_INPUT_WITH_WEAK_PULLUP                ;        ;                       ;         ; Column I/O ;                 ; no       ; On           ;
; W17      ; 240        ; 4        ; RESERVED_INPUT_WITH_WEAK_PULLUP                ;        ;                       ;         ; Column I/O ;                 ; no       ; On           ;
; W18      ; 226        ; 4        ; RESERVED_INPUT_WITH_WEAK_PULLUP                ;        ;                       ;         ; Column I/O ;                 ; no       ; On           ;
; W19      ; 284        ; 5        ; RESERVED_INPUT_WITH_WEAK_PULLUP                ;        ;                       ;         ; Row I/O    ;                 ; no       ; On           ;
; W20      ; 286        ; 5        ; RESERVED_INPUT_WITH_WEAK_PULLUP                ;        ;                       ;         ; Row I/O    ;                 ; no       ; On           ;
; W21      ;            ;          ; GND                                            ; gnd    ;                       ;         ; --         ;                 ; --       ; --           ;
; W22      ; 283        ; 5        ; RESERVED_INPUT_WITH_WEAK_PULLUP                ;        ;                       ;         ; Row I/O    ;                 ; no       ; On           ;
; Y1       ; 129        ; 3        ; RESERVED_INPUT_WITH_WEAK_PULLUP                ;        ;                       ;         ; Column I/O ;                 ; no       ; On           ;
; Y2       ; 131        ; 3        ; RESERVED_INPUT_WITH_WEAK_PULLUP                ;        ;                       ;         ; Column I/O ;                 ; no       ; On           ;
; Y3       ; 149        ; 3        ; RESERVED_INPUT_WITH_WEAK_PULLUP                ;        ;                       ;         ; Column I/O ;                 ; no       ; On           ;
; Y4       ; 151        ; 3        ; RESERVED_INPUT_WITH_WEAK_PULLUP                ;        ;                       ;         ; Column I/O ;                 ; no       ; On           ;
; Y5       ; 137        ; 3        ; RESERVED_INPUT_WITH_WEAK_PULLUP                ;        ;                       ;         ; Column I/O ;                 ; no       ; On           ;
; Y6       ; 139        ; 3        ; RESERVED_INPUT_WITH_WEAK_PULLUP                ;        ;                       ;         ; Column I/O ;                 ; no       ; On           ;
; Y7       ; 141        ; 3        ; RESERVED_INPUT_WITH_WEAK_PULLUP                ;        ;                       ;         ; Column I/O ;                 ; no       ; On           ;
; Y8       ; 143        ; 3        ; RESERVED_INPUT_WITH_WEAK_PULLUP                ;        ;                       ;         ; Column I/O ;                 ; no       ; On           ;
; Y9       ;            ;          ; GND                                            ; gnd    ;                       ;         ; --         ;                 ; --       ; --           ;
; Y10      ; 168        ; 3        ; RESERVED_INPUT_WITH_WEAK_PULLUP                ;        ;                       ;         ; Column I/O ;                 ; no       ; On           ;
; Y11      ; 175        ; 4        ; RESERVED_INPUT_WITH_WEAK_PULLUP                ;        ;                       ;         ; Column I/O ;                 ; no       ; On           ;
; Y12      ;            ;          ; GND                                            ; gnd    ;                       ;         ; --         ;                 ; --       ; --           ;
; Y13      ; 200        ; 4        ; RESERVED_INPUT_WITH_WEAK_PULLUP                ;        ;                       ;         ; Column I/O ;                 ; no       ; On           ;
; Y14      ; 202        ; 4        ; RESERVED_INPUT_WITH_WEAK_PULLUP                ;        ;                       ;         ; Column I/O ;                 ; no       ; On           ;
; Y15      ;            ;          ; GND                                            ; gnd    ;                       ;         ; --         ;                 ; --       ; --           ;
; Y16      ; 207        ; 4        ; RESERVED_INPUT_WITH_WEAK_PULLUP                ;        ;                       ;         ; Column I/O ;                 ; no       ; On           ;
; Y17      ; 214        ; 4        ; RESERVED_INPUT_WITH_WEAK_PULLUP                ;        ;                       ;         ; Column I/O ;                 ; no       ; On           ;
; Y18      ; 219        ; 4        ; RESERVED_INPUT_WITH_WEAK_PULLUP                ;        ;                       ;         ; Column I/O ;                 ; no       ; On           ;
; Y19      ; 224        ; 4        ; RESERVED_INPUT_WITH_WEAK_PULLUP                ;        ;                       ;         ; Column I/O ;                 ; no       ; On           ;
; Y20      ; 285        ; 5        ; RESERVED_INPUT_WITH_WEAK_PULLUP                ;        ;                       ;         ; Row I/O    ;                 ; no       ; On           ;
; Y21      ; 287        ; 5        ; RESERVED_INPUT_WITH_WEAK_PULLUP                ;        ;                       ;         ; Row I/O    ;                 ; no       ; On           ;
; Y22      ; 281        ; 5        ; RESERVED_INPUT_WITH_WEAK_PULLUP                ;        ;                       ;         ; Row I/O    ;                 ; no       ; On           ;
+----------+------------+----------+------------------------------------------------+--------+-----------------------+---------+------------+-----------------+----------+--------------+
Note: Pin directions (input, output or bidir) are based on device operating in user mode.


+-----------------------------------+
; I/O Assignment Warnings           ;
+----------+------------------------+
; Pin Name ; Reason                 ;
+----------+------------------------+
; LEDR[0]  ; Missing drive strength ;
; LEDR[1]  ; Missing drive strength ;
; LEDR[2]  ; Missing drive strength ;
; LEDR[3]  ; Missing drive strength ;
; LEDR[4]  ; Missing drive strength ;
; LEDR[5]  ; Missing drive strength ;
; LEDR[6]  ; Missing drive strength ;
; LEDR[7]  ; Missing drive strength ;
; LEDR[8]  ; Missing drive strength ;
; LEDR[9]  ; Missing drive strength ;
; HEX5[0]  ; Missing drive strength ;
; HEX5[1]  ; Missing drive strength ;
; HEX5[2]  ; Missing drive strength ;
; HEX5[3]  ; Missing drive strength ;
; HEX5[4]  ; Missing drive strength ;
; HEX5[5]  ; Missing drive strength ;
; HEX5[6]  ; Missing drive strength ;
+----------+------------------------+


+--------------------------------------------------------------------------------------------------------------------------------------------------------------------------------------------------------------------------------------------------------------------------------------------------------------------------------------------+
; Fitter Resource Utilization by Entity                                                                                                                                                                                                                                                                                                      ;
+------------------------------+-------------+---------------------------+---------------+-------------+------+------------+--------------+---------+-----------+------+--------------+--------------+-------------------+------------------+------------+------------------------------------------------------+-------------+--------------+
; Compilation Hierarchy Node   ; Logic Cells ; Dedicated Logic Registers ; I/O Registers ; Memory Bits ; M9Ks ; UFM Blocks ; DSP Elements ; DSP 9x9 ; DSP 18x18 ; Pins ; Virtual Pins ; LUT-Only LCs ; Register-Only LCs ; LUT/Register LCs ; ADC blocks ; Full Hierarchy Name                                  ; Entity Name ; Library Name ;
+------------------------------+-------------+---------------------------+---------------+-------------+------+------------+--------------+---------+-----------+------+--------------+--------------+-------------------+------------------+------------+------------------------------------------------------+-------------+--------------+
; |proc_inst                   ; 319 (1)     ; 173 (0)                   ; 0 (0)         ; 0           ; 0    ; 1          ; 0            ; 0       ; 0         ; 28   ; 0            ; 146 (1)      ; 58 (0)            ; 115 (0)          ; 0          ; |proc_inst                                           ; proc_inst   ; work         ;
;    |simple_proc:u_processor| ; 318 (49)    ; 173 (0)                   ; 0 (0)         ; 0           ; 0    ; 0          ; 0            ; 0       ; 0         ; 0    ; 0            ; 145 (49)     ; 58 (0)            ; 115 (9)          ; 0          ; |proc_inst|simple_proc:u_processor                   ; simple_proc ; work         ;
;       |ALU:alu|              ; 34 (34)     ; 0 (0)                     ; 0 (0)         ; 0           ; 0    ; 0          ; 0            ; 0       ; 0         ; 0    ; 0            ; 16 (16)      ; 0 (0)             ; 18 (18)          ; 0          ; |proc_inst|simple_proc:u_processor|ALU:alu           ; ALU         ; work         ;
;       |BCD:tick_hex5|        ; 7 (7)       ; 0 (0)                     ; 0 (0)         ; 0           ; 0    ; 0          ; 0            ; 0       ; 0         ; 0    ; 0            ; 7 (7)        ; 0 (0)             ; 0 (0)            ; 0          ; |proc_inst|simple_proc:u_processor|BCD:tick_hex5     ; BCD         ; work         ;
;       |multiplexer:mux|      ; 117 (117)   ; 0 (0)                     ; 0 (0)         ; 0           ; 0    ; 0          ; 0            ; 0       ; 0         ; 0    ; 0            ; 53 (53)      ; 0 (0)             ; 64 (64)          ; 0          ; |proc_inst|simple_proc:u_processor|multiplexer:mux   ; multiplexer ; work         ;
;       |register_n:reg0|      ; 33 (33)     ; 16 (16)                   ; 0 (0)         ; 0           ; 0    ; 0          ; 0            ; 0       ; 0         ; 0    ; 0            ; 1 (1)        ; 0 (0)             ; 32 (32)          ; 0          ; |proc_inst|simple_proc:u_processor|register_n:reg0   ; register_n  ; work         ;
;       |register_n:reg1|      ; 17 (17)     ; 16 (16)                   ; 0 (0)         ; 0           ; 0    ; 0          ; 0            ; 0       ; 0         ; 0    ; 0            ; 1 (1)        ; 14 (14)           ; 2 (2)            ; 0          ; |proc_inst|simple_proc:u_processor|register_n:reg1   ; register_n  ; work         ;
;       |register_n:reg2|      ; 18 (18)     ; 16 (16)                   ; 0 (0)         ; 0           ; 0    ; 0          ; 0            ; 0       ; 0         ; 0    ; 0            ; 2 (2)        ; 16 (16)           ; 0 (0)            ; 0          ; |proc_inst|simple_proc:u_processor|register_n:reg2   ; register_n  ; work         ;
;       |register_n:reg3|      ; 17 (17)     ; 16 (16)                   ; 0 (0)         ; 0           ; 0    ; 0          ; 0            ; 0       ; 0         ; 0    ; 0            ; 1 (1)        ; 1 (1)             ; 15 (15)          ; 0          ; |proc_inst|simple_proc:u_processor|register_n:reg3   ; register_n  ; work         ;
;       |register_n:reg4|      ; 17 (17)     ; 16 (16)                   ; 0 (0)         ; 0           ; 0    ; 0          ; 0            ; 0       ; 0         ; 0    ; 0            ; 1 (1)        ; 0 (0)             ; 16 (16)          ; 0          ; |proc_inst|simple_proc:u_processor|register_n:reg4   ; register_n  ; work         ;
;       |register_n:reg5|      ; 17 (17)     ; 16 (16)                   ; 0 (0)         ; 0           ; 0    ; 0          ; 0            ; 0       ; 0         ; 0    ; 0            ; 1 (1)        ; 15 (15)           ; 1 (1)            ; 0          ; |proc_inst|simple_proc:u_processor|register_n:reg5   ; register_n  ; work         ;
;       |register_n:reg6|      ; 18 (18)     ; 16 (16)                   ; 0 (0)         ; 0           ; 0    ; 0          ; 0            ; 0       ; 0         ; 0    ; 0            ; 2 (2)        ; 6 (6)             ; 10 (10)          ; 0          ; |proc_inst|simple_proc:u_processor|register_n:reg6   ; register_n  ; work         ;
;       |register_n:reg7|      ; 17 (17)     ; 16 (16)                   ; 0 (0)         ; 0           ; 0    ; 0          ; 0            ; 0       ; 0         ; 0    ; 0            ; 1 (1)        ; 5 (5)             ; 11 (11)          ; 0          ; |proc_inst|simple_proc:u_processor|register_n:reg7   ; register_n  ; work         ;
;       |register_n:regA|      ; 17 (17)     ; 16 (16)                   ; 0 (0)         ; 0           ; 0    ; 0          ; 0            ; 0       ; 0         ; 0    ; 0            ; 1 (1)        ; 0 (0)             ; 16 (16)          ; 0          ; |proc_inst|simple_proc:u_processor|register_n:regA   ; register_n  ; work         ;
;       |register_n:regG|      ; 19 (19)     ; 16 (16)                   ; 0 (0)         ; 0           ; 0    ; 0          ; 0            ; 0       ; 0         ; 0    ; 0            ; 3 (3)        ; 0 (0)             ; 16 (16)          ; 0          ; |proc_inst|simple_proc:u_processor|register_n:regG   ; register_n  ; work         ;
;       |register_n:reg_IR|    ; 15 (15)     ; 9 (9)                     ; 0 (0)         ; 0           ; 0    ; 0          ; 0            ; 0       ; 0         ; 0    ; 0            ; 5 (5)        ; 0 (0)             ; 10 (10)          ; 0          ; |proc_inst|simple_proc:u_processor|register_n:reg_IR ; register_n  ; work         ;
;       |tick_FSM:tick_fsm|    ; 5 (5)       ; 4 (4)                     ; 0 (0)         ; 0           ; 0    ; 0          ; 0            ; 0       ; 0         ; 0    ; 0            ; 1 (1)        ; 1 (1)             ; 3 (3)            ; 0          ; |proc_inst|simple_proc:u_processor|tick_FSM:tick_fsm ; tick_FSM    ; work         ;
+------------------------------+-------------+---------------------------+---------------+-------------+------+------------+--------------+---------+-----------+------+--------------+--------------+-------------------+------------------+------------+------------------------------------------------------+-------------+--------------+
Note: For table entries with two numbers listed, the numbers in parentheses indicate the number of resources of the given type used by the specific entity alone. The numbers listed outside of parentheses indicate the total resources of the given type used by the specific entity and all of its sub-entities in the hierarchy.


+-----------------------------------------------------------------------------------------+
; Delay Chain Summary                                                                     ;
+---------+----------+---------------+---------------+-----------------------+-----+------+
; Name    ; Pin Type ; Pad to Core 0 ; Pad to Core 1 ; Pad to Input Register ; TCO ; TCOE ;
+---------+----------+---------------+---------------+-----------------------+-----+------+
; LEDR[0] ; Output   ; --            ; --            ; --                    ; --  ; --   ;
; LEDR[1] ; Output   ; --            ; --            ; --                    ; --  ; --   ;
; LEDR[2] ; Output   ; --            ; --            ; --                    ; --  ; --   ;
; LEDR[3] ; Output   ; --            ; --            ; --                    ; --  ; --   ;
; LEDR[4] ; Output   ; --            ; --            ; --                    ; --  ; --   ;
; LEDR[5] ; Output   ; --            ; --            ; --                    ; --  ; --   ;
; LEDR[6] ; Output   ; --            ; --            ; --                    ; --  ; --   ;
; LEDR[7] ; Output   ; --            ; --            ; --                    ; --  ; --   ;
; LEDR[8] ; Output   ; --            ; --            ; --                    ; --  ; --   ;
; LEDR[9] ; Output   ; --            ; --            ; --                    ; --  ; --   ;
; HEX5[0] ; Output   ; --            ; --            ; --                    ; --  ; --   ;
; HEX5[1] ; Output   ; --            ; --            ; --                    ; --  ; --   ;
; HEX5[2] ; Output   ; --            ; --            ; --                    ; --  ; --   ;
; HEX5[3] ; Output   ; --            ; --            ; --                    ; --  ; --   ;
; HEX5[4] ; Output   ; --            ; --            ; --                    ; --  ; --   ;
; HEX5[5] ; Output   ; --            ; --            ; --                    ; --  ; --   ;
; HEX5[6] ; Output   ; --            ; --            ; --                    ; --  ; --   ;
; KEY[0]  ; Input    ; --            ; (6) 868 ps    ; --                    ; --  ; --   ;
; KEY[1]  ; Input    ; (0) 0 ps      ; (0) 0 ps      ; --                    ; --  ; --   ;
; SW[0]   ; Input    ; (6) 868 ps    ; --            ; --                    ; --  ; --   ;
; SW[1]   ; Input    ; --            ; (6) 868 ps    ; --                    ; --  ; --   ;
; SW[2]   ; Input    ; (6) 868 ps    ; --            ; --                    ; --  ; --   ;
; SW[3]   ; Input    ; --            ; (6) 868 ps    ; --                    ; --  ; --   ;
; SW[4]   ; Input    ; (6) 868 ps    ; --            ; --                    ; --  ; --   ;
; SW[5]   ; Input    ; (6) 868 ps    ; --            ; --                    ; --  ; --   ;
; SW[6]   ; Input    ; --            ; (6) 868 ps    ; --                    ; --  ; --   ;
; SW[7]   ; Input    ; (6) 868 ps    ; --            ; --                    ; --  ; --   ;
; SW[8]   ; Input    ; --            ; (6) 868 ps    ; --                    ; --  ; --   ;
+---------+----------+---------------+---------------+-----------------------+-----+------+


+----------------------------------------------------------------------------------------+
; Pad To Core Delay Chain Fanout                                                         ;
+----------------------------------------------------------+-------------------+---------+
; Source Pin / Fanout                                      ; Pad To Core Index ; Setting ;
+----------------------------------------------------------+-------------------+---------+
; KEY[0]                                                   ;                   ;         ;
;      - simple_proc:u_processor|tick_FSM:tick_fsm|tick[0] ; 1                 ; 6       ;
;      - simple_proc:u_processor|register_n:regG|Q[0]      ; 1                 ; 6       ;
;      - simple_proc:u_processor|register_n:regG|Q[1]      ; 1                 ; 6       ;
;      - simple_proc:u_processor|register_n:regG|Q[2]      ; 1                 ; 6       ;
;      - simple_proc:u_processor|register_n:regG|Q[3]      ; 1                 ; 6       ;
;      - simple_proc:u_processor|register_n:regG|Q[4]      ; 1                 ; 6       ;
;      - simple_proc:u_processor|register_n:regG|Q[5]      ; 1                 ; 6       ;
;      - simple_proc:u_processor|register_n:regG|Q[6]      ; 1                 ; 6       ;
;      - simple_proc:u_processor|register_n:regG|Q[7]      ; 1                 ; 6       ;
;      - simple_proc:u_processor|register_n:regG|Q[8]      ; 1                 ; 6       ;
;      - simple_proc:u_processor|register_n:regG|Q[9]      ; 1                 ; 6       ;
;      - simple_proc:u_processor|register_n:regG|Q[15]     ; 1                 ; 6       ;
;      - simple_proc:u_processor|register_n:regG|Q[14]     ; 1                 ; 6       ;
;      - simple_proc:u_processor|register_n:regG|Q[13]     ; 1                 ; 6       ;
;      - simple_proc:u_processor|register_n:regG|Q[12]     ; 1                 ; 6       ;
;      - simple_proc:u_processor|register_n:regG|Q[11]     ; 1                 ; 6       ;
;      - simple_proc:u_processor|register_n:regG|Q[10]     ; 1                 ; 6       ;
;      - simple_proc:u_processor|register_n:reg0|Q~0       ; 1                 ; 6       ;
;      - simple_proc:u_processor|register_n:reg6|Q[0]~1    ; 1                 ; 6       ;
;      - simple_proc:u_processor|tick_FSM:tick_fsm|tick~0  ; 1                 ; 6       ;
;      - simple_proc:u_processor|tick_FSM:tick_fsm|tick~1  ; 1                 ; 6       ;
;      - simple_proc:u_processor|tick_FSM:tick_fsm|tick~2  ; 1                 ; 6       ;
;      - simple_proc:u_processor|register_n:reg5|Q[0]~0    ; 1                 ; 6       ;
;      - simple_proc:u_processor|register_n:reg4|Q[0]~0    ; 1                 ; 6       ;
;      - simple_proc:u_processor|register_n:reg7|Q[0]~0    ; 1                 ; 6       ;
;      - simple_proc:u_processor|register_n:reg2|Q[0]~1    ; 1                 ; 6       ;
;      - simple_proc:u_processor|register_n:reg1|Q[0]~0    ; 1                 ; 6       ;
;      - simple_proc:u_processor|register_n:reg0|Q[0]~1    ; 1                 ; 6       ;
;      - simple_proc:u_processor|register_n:reg3|Q[0]~0    ; 1                 ; 6       ;
;      - simple_proc:u_processor|register_n:regG|Q[0]~2    ; 1                 ; 6       ;
;      - simple_proc:u_processor|register_n:reg0|Q~2       ; 1                 ; 6       ;
;      - simple_proc:u_processor|register_n:reg0|Q~3       ; 1                 ; 6       ;
;      - simple_proc:u_processor|register_n:reg0|Q~4       ; 1                 ; 6       ;
;      - simple_proc:u_processor|register_n:reg0|Q~5       ; 1                 ; 6       ;
;      - simple_proc:u_processor|register_n:reg0|Q~6       ; 1                 ; 6       ;
;      - simple_proc:u_processor|register_n:reg0|Q~7       ; 1                 ; 6       ;
;      - simple_proc:u_processor|register_n:reg0|Q~8       ; 1                 ; 6       ;
;      - simple_proc:u_processor|register_n:reg0|Q~9       ; 1                 ; 6       ;
;      - simple_proc:u_processor|register_n:reg0|Q~10      ; 1                 ; 6       ;
;      - simple_proc:u_processor|register_n:reg_IR|Q~0     ; 1                 ; 6       ;
;      - simple_proc:u_processor|register_n:reg_IR|Q[8]~1  ; 1                 ; 6       ;
;      - simple_proc:u_processor|register_n:reg_IR|Q~2     ; 1                 ; 6       ;
;      - simple_proc:u_processor|register_n:reg_IR|Q~3     ; 1                 ; 6       ;
;      - simple_proc:u_processor|register_n:reg_IR|Q~4     ; 1                 ; 6       ;
;      - simple_proc:u_processor|register_n:reg_IR|Q~5     ; 1                 ; 6       ;
;      - simple_proc:u_processor|register_n:reg_IR|Q~6     ; 1                 ; 6       ;
;      - simple_proc:u_processor|register_n:reg_IR|Q~7     ; 1                 ; 6       ;
;      - simple_proc:u_processor|register_n:reg_IR|Q~8     ; 1                 ; 6       ;
;      - simple_proc:u_processor|register_n:reg_IR|Q~9     ; 1                 ; 6       ;
;      - simple_proc:u_processor|register_n:regA|Q[9]~0    ; 1                 ; 6       ;
;      - simple_proc:u_processor|register_n:reg0|Q~11      ; 1                 ; 6       ;
;      - simple_proc:u_processor|register_n:reg0|Q~12      ; 1                 ; 6       ;
;      - simple_proc:u_processor|register_n:reg0|Q~13      ; 1                 ; 6       ;
;      - simple_proc:u_processor|register_n:reg0|Q~14      ; 1                 ; 6       ;
;      - simple_proc:u_processor|register_n:reg0|Q~15      ; 1                 ; 6       ;
;      - simple_proc:u_processor|register_n:reg0|Q~16      ; 1                 ; 6       ;
; KEY[1]                                                   ;                   ;         ;
;      - simple_proc:u_processor|register_n:reg0|Q[0]      ; 1                 ; 0       ;
;      - simple_proc:u_processor|register_n:reg0|Q[1]      ; 0                 ; 0       ;
;      - simple_proc:u_processor|register_n:reg0|Q[2]      ; 1                 ; 0       ;
;      - simple_proc:u_processor|register_n:reg0|Q[3]      ; 1                 ; 0       ;
;      - simple_proc:u_processor|register_n:reg0|Q[4]      ; 1                 ; 0       ;
;      - simple_proc:u_processor|register_n:reg0|Q[5]      ; 1                 ; 0       ;
;      - simple_proc:u_processor|register_n:reg0|Q[6]      ; 1                 ; 0       ;
;      - simple_proc:u_processor|register_n:reg0|Q[7]      ; 1                 ; 0       ;
;      - simple_proc:u_processor|register_n:reg0|Q[8]      ; 1                 ; 0       ;
;      - simple_proc:u_processor|register_n:reg0|Q[9]      ; 1                 ; 0       ;
;      - simple_proc:u_processor|register_n:reg1|Q[0]      ; 1                 ; 0       ;
;      - simple_proc:u_processor|register_n:reg1|Q[1]      ; 1                 ; 0       ;
;      - simple_proc:u_processor|register_n:reg1|Q[2]      ; 1                 ; 0       ;
;      - simple_proc:u_processor|register_n:reg1|Q[3]      ; 1                 ; 0       ;
;      - simple_proc:u_processor|register_n:reg1|Q[4]      ; 1                 ; 0       ;
;      - simple_proc:u_processor|register_n:reg1|Q[5]      ; 1                 ; 0       ;
;      - simple_proc:u_processor|register_n:reg1|Q[6]      ; 1                 ; 0       ;
;      - simple_proc:u_processor|register_n:reg1|Q[7]      ; 1                 ; 0       ;
;      - simple_proc:u_processor|register_n:reg1|Q[8]      ; 1                 ; 0       ;
;      - simple_proc:u_processor|register_n:reg1|Q[9]      ; 1                 ; 0       ;
;      - simple_proc:u_processor|register_n:reg2|Q[0]      ; 0                 ; 0       ;
;      - simple_proc:u_processor|register_n:reg2|Q[1]      ; 0                 ; 0       ;
;      - simple_proc:u_processor|register_n:reg2|Q[2]      ; 0                 ; 0       ;
;      - simple_proc:u_processor|register_n:reg2|Q[3]      ; 0                 ; 0       ;
;      - simple_proc:u_processor|register_n:reg2|Q[4]      ; 0                 ; 0       ;
;      - simple_proc:u_processor|register_n:reg2|Q[5]      ; 0                 ; 0       ;
;      - simple_proc:u_processor|register_n:reg2|Q[6]      ; 0                 ; 0       ;
;      - simple_proc:u_processor|register_n:reg2|Q[7]      ; 0                 ; 0       ;
;      - simple_proc:u_processor|register_n:reg2|Q[8]      ; 1                 ; 0       ;
;      - simple_proc:u_processor|register_n:reg2|Q[9]      ; 0                 ; 0       ;
;      - simple_proc:u_processor|register_n:reg3|Q[0]      ; 1                 ; 0       ;
;      - simple_proc:u_processor|register_n:reg3|Q[1]      ; 1                 ; 0       ;
;      - simple_proc:u_processor|register_n:reg3|Q[2]      ; 0                 ; 0       ;
;      - simple_proc:u_processor|register_n:reg3|Q[3]      ; 1                 ; 0       ;
;      - simple_proc:u_processor|register_n:reg3|Q[4]      ; 1                 ; 0       ;
;      - simple_proc:u_processor|register_n:reg3|Q[5]      ; 0                 ; 0       ;
;      - simple_proc:u_processor|register_n:reg3|Q[6]      ; 0                 ; 0       ;
;      - simple_proc:u_processor|register_n:reg3|Q[7]      ; 0                 ; 0       ;
;      - simple_proc:u_processor|register_n:reg3|Q[8]      ; 1                 ; 0       ;
;      - simple_proc:u_processor|register_n:reg3|Q[9]      ; 1                 ; 0       ;
;      - simple_proc:u_processor|register_n:reg4|Q[0]      ; 0                 ; 0       ;
;      - simple_proc:u_processor|register_n:reg4|Q[1]      ; 1                 ; 0       ;
;      - simple_proc:u_processor|register_n:reg4|Q[2]      ; 0                 ; 0       ;
;      - simple_proc:u_processor|register_n:reg4|Q[3]      ; 1                 ; 0       ;
;      - simple_proc:u_processor|register_n:reg4|Q[4]      ; 0                 ; 0       ;
;      - simple_proc:u_processor|register_n:reg4|Q[5]      ; 0                 ; 0       ;
;      - simple_proc:u_processor|register_n:reg4|Q[6]      ; 0                 ; 0       ;
;      - simple_proc:u_processor|register_n:reg4|Q[7]      ; 1                 ; 0       ;
;      - simple_proc:u_processor|register_n:reg4|Q[8]      ; 1                 ; 0       ;
;      - simple_proc:u_processor|register_n:reg4|Q[9]      ; 0                 ; 0       ;
;      - simple_proc:u_processor|register_n:reg5|Q[0]      ; 0                 ; 0       ;
;      - simple_proc:u_processor|register_n:reg5|Q[1]      ; 0                 ; 0       ;
;      - simple_proc:u_processor|register_n:reg5|Q[2]      ; 0                 ; 0       ;
;      - simple_proc:u_processor|register_n:reg5|Q[3]      ; 0                 ; 0       ;
;      - simple_proc:u_processor|register_n:reg5|Q[4]      ; 0                 ; 0       ;
;      - simple_proc:u_processor|register_n:reg5|Q[5]      ; 0                 ; 0       ;
;      - simple_proc:u_processor|register_n:reg5|Q[6]      ; 0                 ; 0       ;
;      - simple_proc:u_processor|register_n:reg5|Q[7]      ; 0                 ; 0       ;
;      - simple_proc:u_processor|register_n:reg5|Q[8]      ; 0                 ; 0       ;
;      - simple_proc:u_processor|register_n:reg5|Q[9]      ; 0                 ; 0       ;
;      - simple_proc:u_processor|register_n:reg6|Q[0]      ; 1                 ; 0       ;
;      - simple_proc:u_processor|register_n:reg6|Q[1]      ; 1                 ; 0       ;
;      - simple_proc:u_processor|register_n:reg6|Q[2]      ; 0                 ; 0       ;
;      - simple_proc:u_processor|register_n:reg6|Q[3]      ; 1                 ; 0       ;
;      - simple_proc:u_processor|register_n:reg6|Q[4]      ; 0                 ; 0       ;
;      - simple_proc:u_processor|register_n:reg6|Q[5]      ; 0                 ; 0       ;
;      - simple_proc:u_processor|register_n:reg6|Q[6]      ; 0                 ; 0       ;
;      - simple_proc:u_processor|register_n:reg6|Q[7]      ; 1                 ; 0       ;
;      - simple_proc:u_processor|register_n:reg6|Q[8]      ; 1                 ; 0       ;
;      - simple_proc:u_processor|register_n:reg6|Q[9]      ; 1                 ; 0       ;
;      - simple_proc:u_processor|register_n:reg7|Q[0]      ; 1                 ; 0       ;
;      - simple_proc:u_processor|register_n:reg7|Q[1]      ; 1                 ; 0       ;
;      - simple_proc:u_processor|register_n:reg7|Q[2]      ; 1                 ; 0       ;
;      - simple_proc:u_processor|register_n:reg7|Q[3]      ; 1                 ; 0       ;
;      - simple_proc:u_processor|register_n:reg7|Q[4]      ; 0                 ; 0       ;
;      - simple_proc:u_processor|register_n:reg7|Q[5]      ; 0                 ; 0       ;
;      - simple_proc:u_processor|register_n:reg7|Q[6]      ; 1                 ; 0       ;
;      - simple_proc:u_processor|register_n:reg7|Q[7]      ; 1                 ; 0       ;
;      - simple_proc:u_processor|register_n:reg7|Q[8]      ; 1                 ; 0       ;
;      - simple_proc:u_processor|register_n:reg7|Q[9]      ; 0                 ; 0       ;
;      - simple_proc:u_processor|tick_FSM:tick_fsm|tick[1] ; 0                 ; 0       ;
;      - simple_proc:u_processor|tick_FSM:tick_fsm|tick[2] ; 1                 ; 0       ;
;      - simple_proc:u_processor|tick_FSM:tick_fsm|tick[3] ; 1                 ; 0       ;
;      - simple_proc:u_processor|tick_FSM:tick_fsm|tick[0] ; 1                 ; 0       ;
;      - simple_proc:u_processor|register_n:regG|Q[0]      ; 1                 ; 0       ;
;      - simple_proc:u_processor|register_n:regG|Q[1]      ; 1                 ; 0       ;
;      - simple_proc:u_processor|register_n:regG|Q[2]      ; 1                 ; 0       ;
;      - simple_proc:u_processor|register_n:regG|Q[3]      ; 1                 ; 0       ;
;      - simple_proc:u_processor|register_n:regG|Q[4]      ; 1                 ; 0       ;
;      - simple_proc:u_processor|register_n:regG|Q[5]      ; 1                 ; 0       ;
;      - simple_proc:u_processor|register_n:regG|Q[6]      ; 1                 ; 0       ;
;      - simple_proc:u_processor|register_n:regG|Q[7]      ; 1                 ; 0       ;
;      - simple_proc:u_processor|register_n:regG|Q[8]      ; 1                 ; 0       ;
;      - simple_proc:u_processor|register_n:regG|Q[9]      ; 1                 ; 0       ;
;      - simple_proc:u_processor|register_n:regG|Q[15]     ; 1                 ; 0       ;
;      - simple_proc:u_processor|register_n:regG|Q[14]     ; 1                 ; 0       ;
;      - simple_proc:u_processor|register_n:regG|Q[13]     ; 1                 ; 0       ;
;      - simple_proc:u_processor|register_n:regG|Q[12]     ; 1                 ; 0       ;
;      - simple_proc:u_processor|register_n:regG|Q[11]     ; 1                 ; 0       ;
;      - simple_proc:u_processor|register_n:regG|Q[10]     ; 1                 ; 0       ;
;      - simple_proc:u_processor|register_n:reg_IR|Q[8]    ; 0                 ; 0       ;
;      - simple_proc:u_processor|register_n:reg_IR|Q[6]    ; 0                 ; 0       ;
;      - simple_proc:u_processor|register_n:reg_IR|Q[7]    ; 0                 ; 0       ;
;      - simple_proc:u_processor|register_n:reg_IR|Q[4]    ; 0                 ; 0       ;
;      - simple_proc:u_processor|register_n:reg_IR|Q[1]    ; 0                 ; 0       ;
;      - simple_proc:u_processor|register_n:reg_IR|Q[0]    ; 0                 ; 0       ;
;      - simple_proc:u_processor|register_n:reg_IR|Q[3]    ; 0                 ; 0       ;
;      - simple_proc:u_processor|register_n:reg_IR|Q[2]    ; 0                 ; 0       ;
;      - simple_proc:u_processor|register_n:reg_IR|Q[5]    ; 0                 ; 0       ;
;      - simple_proc:u_processor|register_n:regA|Q[0]      ; 1                 ; 0       ;
;      - simple_proc:u_processor|register_n:regA|Q[15]     ; 1                 ; 0       ;
;      - simple_proc:u_processor|register_n:reg6|Q[15]     ; 1                 ; 0       ;
;      - simple_proc:u_processor|register_n:reg5|Q[15]     ; 0                 ; 0       ;
;      - simple_proc:u_processor|register_n:reg4|Q[15]     ; 0                 ; 0       ;
;      - simple_proc:u_processor|register_n:reg7|Q[15]     ; 1                 ; 0       ;
;      - simple_proc:u_processor|register_n:reg1|Q[15]     ; 1                 ; 0       ;
;      - simple_proc:u_processor|register_n:reg2|Q[15]     ; 0                 ; 0       ;
;      - simple_proc:u_processor|register_n:reg0|Q[15]     ; 1                 ; 0       ;
;      - simple_proc:u_processor|register_n:reg3|Q[15]     ; 1                 ; 0       ;
;      - simple_proc:u_processor|register_n:reg6|Q[14]     ; 1                 ; 0       ;
;      - simple_proc:u_processor|register_n:reg5|Q[14]     ; 1                 ; 0       ;
;      - simple_proc:u_processor|register_n:reg4|Q[14]     ; 1                 ; 0       ;
;      - simple_proc:u_processor|register_n:reg7|Q[14]     ; 1                 ; 0       ;
;      - simple_proc:u_processor|register_n:reg1|Q[14]     ; 1                 ; 0       ;
;      - simple_proc:u_processor|register_n:reg2|Q[14]     ; 0                 ; 0       ;
;      - simple_proc:u_processor|register_n:reg0|Q[14]     ; 1                 ; 0       ;
;      - simple_proc:u_processor|register_n:reg3|Q[14]     ; 1                 ; 0       ;
;      - simple_proc:u_processor|register_n:regA|Q[14]     ; 1                 ; 0       ;
;      - simple_proc:u_processor|register_n:reg6|Q[13]     ; 1                 ; 0       ;
;      - simple_proc:u_processor|register_n:reg5|Q[13]     ; 1                 ; 0       ;
;      - simple_proc:u_processor|register_n:reg4|Q[13]     ; 1                 ; 0       ;
;      - simple_proc:u_processor|register_n:reg7|Q[13]     ; 1                 ; 0       ;
;      - simple_proc:u_processor|register_n:reg1|Q[13]     ; 1                 ; 0       ;
;      - simple_proc:u_processor|register_n:reg2|Q[13]     ; 0                 ; 0       ;
;      - simple_proc:u_processor|register_n:reg0|Q[13]     ; 1                 ; 0       ;
;      - simple_proc:u_processor|register_n:reg3|Q[13]     ; 1                 ; 0       ;
;      - simple_proc:u_processor|register_n:regA|Q[13]     ; 1                 ; 0       ;
;      - simple_proc:u_processor|register_n:reg6|Q[12]     ; 0                 ; 0       ;
;      - simple_proc:u_processor|register_n:reg5|Q[12]     ; 0                 ; 0       ;
;      - simple_proc:u_processor|register_n:reg4|Q[12]     ; 0                 ; 0       ;
;      - simple_proc:u_processor|register_n:reg7|Q[12]     ; 1                 ; 0       ;
;      - simple_proc:u_processor|register_n:reg1|Q[12]     ; 1                 ; 0       ;
;      - simple_proc:u_processor|register_n:reg2|Q[12]     ; 0                 ; 0       ;
;      - simple_proc:u_processor|register_n:reg0|Q[12]     ; 1                 ; 0       ;
;      - simple_proc:u_processor|register_n:reg3|Q[12]     ; 1                 ; 0       ;
;      - simple_proc:u_processor|register_n:regA|Q[12]     ; 1                 ; 0       ;
;      - simple_proc:u_processor|register_n:reg6|Q[11]     ; 1                 ; 0       ;
;      - simple_proc:u_processor|register_n:reg5|Q[11]     ; 0                 ; 0       ;
;      - simple_proc:u_processor|register_n:reg4|Q[11]     ; 0                 ; 0       ;
;      - simple_proc:u_processor|register_n:reg7|Q[11]     ; 1                 ; 0       ;
;      - simple_proc:u_processor|register_n:reg1|Q[11]     ; 1                 ; 0       ;
;      - simple_proc:u_processor|register_n:reg2|Q[11]     ; 0                 ; 0       ;
;      - simple_proc:u_processor|register_n:reg0|Q[11]     ; 1                 ; 0       ;
;      - simple_proc:u_processor|register_n:reg3|Q[11]     ; 1                 ; 0       ;
;      - simple_proc:u_processor|register_n:regA|Q[11]     ; 1                 ; 0       ;
;      - simple_proc:u_processor|register_n:reg6|Q[10]     ; 0                 ; 0       ;
;      - simple_proc:u_processor|register_n:reg5|Q[10]     ; 0                 ; 0       ;
;      - simple_proc:u_processor|register_n:reg4|Q[10]     ; 1                 ; 0       ;
;      - simple_proc:u_processor|register_n:reg7|Q[10]     ; 1                 ; 0       ;
;      - simple_proc:u_processor|register_n:reg1|Q[10]     ; 1                 ; 0       ;
;      - simple_proc:u_processor|register_n:reg2|Q[10]     ; 0                 ; 0       ;
;      - simple_proc:u_processor|register_n:reg0|Q[10]     ; 1                 ; 0       ;
;      - simple_proc:u_processor|register_n:reg3|Q[10]     ; 0                 ; 0       ;
;      - simple_proc:u_processor|register_n:regA|Q[10]     ; 1                 ; 0       ;
;      - simple_proc:u_processor|register_n:regA|Q[9]      ; 1                 ; 0       ;
;      - simple_proc:u_processor|register_n:regA|Q[8]      ; 1                 ; 0       ;
;      - simple_proc:u_processor|register_n:regA|Q[7]      ; 1                 ; 0       ;
;      - simple_proc:u_processor|register_n:regA|Q[6]      ; 1                 ; 0       ;
;      - simple_proc:u_processor|register_n:regA|Q[5]      ; 1                 ; 0       ;
;      - simple_proc:u_processor|register_n:regA|Q[4]      ; 1                 ; 0       ;
;      - simple_proc:u_processor|register_n:regA|Q[3]      ; 1                 ; 0       ;
;      - simple_proc:u_processor|register_n:regA|Q[2]      ; 0                 ; 0       ;
;      - simple_proc:u_processor|register_n:regA|Q[1]      ; 1                 ; 0       ;
; SW[0]                                                    ;                   ;         ;
;      - simple_proc:u_processor|register_n:reg_IR|Q~6     ; 0                 ; 6       ;
;      - simple_proc:u_processor|immediate_reg[0]          ; 0                 ; 6       ;
; SW[1]                                                    ;                   ;         ;
;      - simple_proc:u_processor|register_n:reg_IR|Q~5     ; 1                 ; 6       ;
;      - simple_proc:u_processor|immediate_reg[1]          ; 1                 ; 6       ;
; SW[2]                                                    ;                   ;         ;
;      - simple_proc:u_processor|register_n:reg_IR|Q~8     ; 0                 ; 6       ;
;      - simple_proc:u_processor|immediate_reg[2]          ; 0                 ; 6       ;
; SW[3]                                                    ;                   ;         ;
;      - simple_proc:u_processor|register_n:reg_IR|Q~7     ; 1                 ; 6       ;
;      - simple_proc:u_processor|immediate_reg[3]          ; 1                 ; 6       ;
; SW[4]                                                    ;                   ;         ;
;      - simple_proc:u_processor|register_n:reg_IR|Q~4     ; 0                 ; 6       ;
;      - simple_proc:u_processor|immediate_reg[4]          ; 0                 ; 6       ;
; SW[5]                                                    ;                   ;         ;
;      - simple_proc:u_processor|register_n:reg_IR|Q~9     ; 0                 ; 6       ;
;      - simple_proc:u_processor|immediate_reg[5]          ; 0                 ; 6       ;
; SW[6]                                                    ;                   ;         ;
;      - simple_proc:u_processor|register_n:reg_IR|Q~2     ; 1                 ; 6       ;
;      - simple_proc:u_processor|immediate_reg[6]          ; 1                 ; 6       ;
; SW[7]                                                    ;                   ;         ;
;      - simple_proc:u_processor|register_n:reg_IR|Q~3     ; 0                 ; 6       ;
;      - simple_proc:u_processor|immediate_reg[7]          ; 0                 ; 6       ;
; SW[8]                                                    ;                   ;         ;
;      - simple_proc:u_processor|register_n:reg_IR|Q~0     ; 1                 ; 6       ;
;      - simple_proc:u_processor|immediate_reg[8]          ; 1                 ; 6       ;
+----------------------------------------------------------+-------------------+---------+


+------------------------------------------------------------------------------------------------------------------------------------------------------------------------------------------+
; Control Signals                                                                                                                                                                          ;
+--------------------------------------------------+--------------------+---------+-------------------------+--------+----------------------+------------------+---------------------------+
; Name                                             ; Location           ; Fan-Out ; Usage                   ; Global ; Global Resource Used ; Global Line Name ; Enable Signal Source Name ;
+--------------------------------------------------+--------------------+---------+-------------------------+--------+----------------------+------------------+---------------------------+
; KEY[0]                                           ; PIN_B8             ; 56      ; Sync. clear, Sync. load ; no     ; --                   ; --               ; --                        ;
; KEY[1]                                           ; PIN_A7             ; 173     ; Clock                   ; no     ; --                   ; --               ; --                        ;
; simple_proc:u_processor|Decoder56~2              ; LCCOMB_X51_Y50_N2  ; 5       ; Latch enable            ; no     ; --                   ; --               ; --                        ;
; simple_proc:u_processor|Decoder56~2              ; LCCOMB_X51_Y50_N2  ; 6       ; Latch enable            ; yes    ; Global Clock         ; GCLK14           ; --                        ;
; simple_proc:u_processor|Mux21~0                  ; LCCOMB_X54_Y50_N0  ; 3       ; Latch enable            ; yes    ; Global Clock         ; GCLK11           ; --                        ;
; simple_proc:u_processor|WideOr16~0               ; LCCOMB_X52_Y49_N0  ; 1       ; Latch enable            ; no     ; --                   ; --               ; --                        ;
; simple_proc:u_processor|alu_op_reg[1]~0          ; LCCOMB_X52_Y51_N18 ; 1       ; Latch enable            ; no     ; --                   ; --               ; --                        ;
; simple_proc:u_processor|immediate_reg[8]~0       ; LCCOMB_X52_Y51_N6  ; 9       ; Latch enable            ; yes    ; Global Clock         ; GCLK10           ; --                        ;
; simple_proc:u_processor|register_n:reg0|Q[0]~1   ; LCCOMB_X49_Y50_N6  ; 16      ; Clock enable            ; no     ; --                   ; --               ; --                        ;
; simple_proc:u_processor|register_n:reg1|Q[0]~0   ; LCCOMB_X49_Y50_N8  ; 16      ; Clock enable            ; no     ; --                   ; --               ; --                        ;
; simple_proc:u_processor|register_n:reg2|Q[0]~1   ; LCCOMB_X49_Y50_N10 ; 16      ; Clock enable            ; no     ; --                   ; --               ; --                        ;
; simple_proc:u_processor|register_n:reg3|Q[0]~0   ; LCCOMB_X49_Y50_N0  ; 16      ; Clock enable            ; no     ; --                   ; --               ; --                        ;
; simple_proc:u_processor|register_n:reg4|Q[0]~0   ; LCCOMB_X52_Y48_N16 ; 16      ; Clock enable            ; no     ; --                   ; --               ; --                        ;
; simple_proc:u_processor|register_n:reg5|Q[0]~0   ; LCCOMB_X49_Y50_N26 ; 16      ; Clock enable            ; no     ; --                   ; --               ; --                        ;
; simple_proc:u_processor|register_n:reg6|Q[0]~1   ; LCCOMB_X49_Y50_N12 ; 16      ; Clock enable            ; no     ; --                   ; --               ; --                        ;
; simple_proc:u_processor|register_n:reg7|Q[0]~0   ; LCCOMB_X50_Y51_N6  ; 16      ; Clock enable            ; no     ; --                   ; --               ; --                        ;
; simple_proc:u_processor|register_n:regA|Q[9]~0   ; LCCOMB_X51_Y48_N10 ; 16      ; Clock enable            ; no     ; --                   ; --               ; --                        ;
; simple_proc:u_processor|register_n:regG|Q[0]~2   ; LCCOMB_X51_Y48_N12 ; 16      ; Clock enable            ; no     ; --                   ; --               ; --                        ;
; simple_proc:u_processor|register_n:reg_IR|Q[8]~1 ; LCCOMB_X51_Y50_N14 ; 9       ; Clock enable            ; no     ; --                   ; --               ; --                        ;
+--------------------------------------------------+--------------------+---------+-------------------------+--------+----------------------+------------------+---------------------------+


+---------------------------------------------------------------------------------------------------------------------------------------------------------------------------------------+
; Global & Other Fast Signals                                                                                                                                                           ;
+--------------------------------------------+-------------------+---------+--------------------------------------+----------------------+------------------+---------------------------+
; Name                                       ; Location          ; Fan-Out ; Fan-Out Using Intentional Clock Skew ; Global Resource Used ; Global Line Name ; Enable Signal Source Name ;
+--------------------------------------------+-------------------+---------+--------------------------------------+----------------------+------------------+---------------------------+
; simple_proc:u_processor|Decoder56~2        ; LCCOMB_X51_Y50_N2 ; 6       ; 0                                    ; Global Clock         ; GCLK14           ; --                        ;
; simple_proc:u_processor|Mux21~0            ; LCCOMB_X54_Y50_N0 ; 3       ; 0                                    ; Global Clock         ; GCLK11           ; --                        ;
; simple_proc:u_processor|immediate_reg[8]~0 ; LCCOMB_X52_Y51_N6 ; 9       ; 0                                    ; Global Clock         ; GCLK10           ; --                        ;
+--------------------------------------------+-------------------+---------+--------------------------------------+----------------------+------------------+---------------------------+


+-------------------------------------------------+
; Routing Usage Summary                           ;
+-----------------------+-------------------------+
; Routing Resource Type ; Usage                   ;
+-----------------------+-------------------------+
; Block interconnects   ; 610 / 148,641 ( < 1 % ) ;
; C16 interconnects     ; 11 / 5,382 ( < 1 % )    ;
; C4 interconnects      ; 412 / 106,704 ( < 1 % ) ;
; Direct links          ; 71 / 148,641 ( < 1 % )  ;
; Global clocks         ; 3 / 20 ( 15 % )         ;
; Local interconnects   ; 121 / 49,760 ( < 1 % )  ;
; NSLEEPs               ; 0 / 500 ( 0 % )         ;
; R24 interconnects     ; 7 / 5,406 ( < 1 % )     ;
; R4 interconnects      ; 484 / 147,764 ( < 1 % ) ;
+-----------------------+-------------------------+


+----------------------------------------------------------------------------+
; LAB Logic Elements                                                         ;
+---------------------------------------------+------------------------------+
; Number of Logic Elements  (Average = 11.00) ; Number of LABs  (Total = 29) ;
+---------------------------------------------+------------------------------+
; 1                                           ; 2                            ;
; 2                                           ; 4                            ;
; 3                                           ; 1                            ;
; 4                                           ; 0                            ;
; 5                                           ; 0                            ;
; 6                                           ; 1                            ;
; 7                                           ; 2                            ;
; 8                                           ; 2                            ;
; 9                                           ; 0                            ;
; 10                                          ; 0                            ;
; 11                                          ; 0                            ;
; 12                                          ; 0                            ;
; 13                                          ; 0                            ;
; 14                                          ; 0                            ;
; 15                                          ; 2                            ;
; 16                                          ; 15                           ;
+---------------------------------------------+------------------------------+


+-------------------------------------------------------------------+
; LAB-wide Signals                                                  ;
+------------------------------------+------------------------------+
; LAB-wide Signals  (Average = 1.62) ; Number of LABs  (Total = 29) ;
+------------------------------------+------------------------------+
; 1 Clock                            ; 23                           ;
; 1 Clock enable                     ; 6                            ;
; 1 Sync. clear                      ; 2                            ;
; 2 Clock enables                    ; 16                           ;
+------------------------------------+------------------------------+


+-----------------------------------------------------------------------------+
; LAB Signals Sourced                                                         ;
+----------------------------------------------+------------------------------+
; Number of Signals Sourced  (Average = 16.90) ; Number of LABs  (Total = 29) ;
+----------------------------------------------+------------------------------+
; 0                                            ; 0                            ;
; 1                                            ; 2                            ;
; 2                                            ; 2                            ;
; 3                                            ; 1                            ;
; 4                                            ; 2                            ;
; 5                                            ; 0                            ;
; 6                                            ; 0                            ;
; 7                                            ; 1                            ;
; 8                                            ; 1                            ;
; 9                                            ; 2                            ;
; 10                                           ; 0                            ;
; 11                                           ; 0                            ;
; 12                                           ; 0                            ;
; 13                                           ; 0                            ;
; 14                                           ; 1                            ;
; 15                                           ; 0                            ;
; 16                                           ; 0                            ;
; 17                                           ; 0                            ;
; 18                                           ; 2                            ;
; 19                                           ; 1                            ;
; 20                                           ; 3                            ;
; 21                                           ; 1                            ;
; 22                                           ; 0                            ;
; 23                                           ; 1                            ;
; 24                                           ; 0                            ;
; 25                                           ; 0                            ;
; 26                                           ; 1                            ;
; 27                                           ; 0                            ;
; 28                                           ; 1                            ;
; 29                                           ; 2                            ;
; 30                                           ; 2                            ;
; 31                                           ; 1                            ;
; 32                                           ; 2                            ;
+----------------------------------------------+------------------------------+


+--------------------------------------------------------------------------------+
; LAB Signals Sourced Out                                                        ;
+-------------------------------------------------+------------------------------+
; Number of Signals Sourced Out  (Average = 8.97) ; Number of LABs  (Total = 29) ;
+-------------------------------------------------+------------------------------+
; 0                                               ; 0                            ;
; 1                                               ; 2                            ;
; 2                                               ; 3                            ;
; 3                                               ; 2                            ;
; 4                                               ; 0                            ;
; 5                                               ; 2                            ;
; 6                                               ; 3                            ;
; 7                                               ; 1                            ;
; 8                                               ; 2                            ;
; 9                                               ; 1                            ;
; 10                                              ; 2                            ;
; 11                                              ; 3                            ;
; 12                                              ; 1                            ;
; 13                                              ; 1                            ;
; 14                                              ; 0                            ;
; 15                                              ; 1                            ;
; 16                                              ; 0                            ;
; 17                                              ; 2                            ;
; 18                                              ; 1                            ;
; 19                                              ; 1                            ;
; 20                                              ; 0                            ;
; 21                                              ; 0                            ;
; 22                                              ; 1                            ;
+-------------------------------------------------+------------------------------+


+-----------------------------------------------------------------------------+
; LAB Distinct Inputs                                                         ;
+----------------------------------------------+------------------------------+
; Number of Distinct Inputs  (Average = 17.24) ; Number of LABs  (Total = 29) ;
+----------------------------------------------+------------------------------+
; 0                                            ; 0                            ;
; 1                                            ; 0                            ;
; 2                                            ; 1                            ;
; 3                                            ; 2                            ;
; 4                                            ; 1                            ;
; 5                                            ; 1                            ;
; 6                                            ; 1                            ;
; 7                                            ; 0                            ;
; 8                                            ; 0                            ;
; 9                                            ; 1                            ;
; 10                                           ; 1                            ;
; 11                                           ; 1                            ;
; 12                                           ; 0                            ;
; 13                                           ; 1                            ;
; 14                                           ; 0                            ;
; 15                                           ; 0                            ;
; 16                                           ; 2                            ;
; 17                                           ; 0                            ;
; 18                                           ; 2                            ;
; 19                                           ; 0                            ;
; 20                                           ; 3                            ;
; 21                                           ; 0                            ;
; 22                                           ; 0                            ;
; 23                                           ; 2                            ;
; 24                                           ; 1                            ;
; 25                                           ; 0                            ;
; 26                                           ; 2                            ;
; 27                                           ; 2                            ;
; 28                                           ; 0                            ;
; 29                                           ; 1                            ;
; 30                                           ; 0                            ;
; 31                                           ; 1                            ;
; 32                                           ; 0                            ;
; 33                                           ; 0                            ;
; 34                                           ; 1                            ;
; 35                                           ; 0                            ;
; 36                                           ; 1                            ;
+----------------------------------------------+------------------------------+


+------------------------------------------+
; I/O Rules Summary                        ;
+----------------------------------+-------+
; I/O Rules Statistic              ; Total ;
+----------------------------------+-------+
; Total I/O Rules                  ; 30    ;
; Number of I/O Rules Passed       ; 9     ;
; Number of I/O Rules Failed       ; 0     ;
; Number of I/O Rules Unchecked    ; 0     ;
; Number of I/O Rules Inapplicable ; 21    ;
+----------------------------------+-------+


+--------------------------------------------------------------------------------------------------------------------------------------------------------------------------------------------------------------------------------------------------------------------------------------+
; I/O Rules Details                                                                                                                                                                                                                                                                    ;
+--------------+-----------+-----------------------------------+------------------------------------------------------------------------------------------------------+----------+--------------------------------------------------------------------------+------+-------------------+
; Status       ; ID        ; Category                          ; Rule Description                                                                                     ; Severity ; Information                                                              ; Area ; Extra Information ;
+--------------+-----------+-----------------------------------+------------------------------------------------------------------------------------------------------+----------+--------------------------------------------------------------------------+------+-------------------+
; Pass         ; IO_000001 ; Capacity Checks                   ; Number of pins in an I/O bank should not exceed the number of locations available.                   ; Critical ; 0 such failures found.                                                   ; I/O  ;                   ;
; Inapplicable ; IO_000002 ; Capacity Checks                   ; Number of clocks in an I/O bank should not exceed the number of clocks available.                    ; Critical ; No Global Signal assignments found.                                      ; I/O  ;                   ;
; Pass         ; IO_000003 ; Capacity Checks                   ; Number of pins in a Vrefgroup should not exceed the number of locations available.                   ; Critical ; 0 such failures found.                                                   ; I/O  ;                   ;
; Inapplicable ; IO_000004 ; Voltage Compatibility Checks      ; The I/O bank should support the requested VCCIO.                                                     ; Critical ; No IOBANK_VCCIO assignments found.                                       ; I/O  ;                   ;
; Inapplicable ; IO_000005 ; Voltage Compatibility Checks      ; The I/O bank should not have competing VREF values.                                                  ; Critical ; No VREF I/O Standard assignments found.                                  ; I/O  ;                   ;
; Pass         ; IO_000006 ; Voltage Compatibility Checks      ; The I/O bank should not have competing VCCIO values.                                                 ; Critical ; 0 such failures found.                                                   ; I/O  ;                   ;
; Pass         ; IO_000007 ; Valid Location Checks             ; Checks for unavailable locations.                                                                    ; Critical ; 0 such failures found.                                                   ; I/O  ;                   ;
; Inapplicable ; IO_000008 ; Valid Location Checks             ; Checks for reserved locations.                                                                       ; Critical ; No reserved LogicLock region found.                                      ; I/O  ;                   ;
; Pass         ; IO_000009 ; I/O Properties Checks for One I/O ; The location should support the requested I/O standard.                                              ; Critical ; 0 such failures found.                                                   ; I/O  ;                   ;
; Pass         ; IO_000010 ; I/O Properties Checks for One I/O ; The location should support the requested I/O direction.                                             ; Critical ; 0 such failures found.                                                   ; I/O  ;                   ;
; Inapplicable ; IO_000011 ; I/O Properties Checks for One I/O ; The location should support the requested Current Strength.                                          ; Critical ; No Current Strength assignments found.                                   ; I/O  ;                   ;
; Inapplicable ; IO_000012 ; I/O Properties Checks for One I/O ; The location should support the requested On Chip Termination value.                                 ; Critical ; No Termination assignments found.                                        ; I/O  ;                   ;
; Inapplicable ; IO_000013 ; I/O Properties Checks for One I/O ; The location should support the requested Bus Hold value.                                            ; Critical ; No Enable Bus-Hold Circuitry assignments found.                          ; I/O  ;                   ;
; Inapplicable ; IO_000014 ; I/O Properties Checks for One I/O ; The location should support the requested Weak Pull Up value.                                        ; Critical ; No Weak Pull-Up Resistor assignments found.                              ; I/O  ;                   ;
; Pass         ; IO_000015 ; I/O Properties Checks for One I/O ; The location should support the requested PCI Clamp Diode.                                           ; Critical ; 0 such failures found.                                                   ; I/O  ;                   ;
; Inapplicable ; IO_000018 ; I/O Properties Checks for One I/O ; The I/O standard should support the requested Current Strength.                                      ; Critical ; No Current Strength assignments found.                                   ; I/O  ;                   ;
; Inapplicable ; IO_000019 ; I/O Properties Checks for One I/O ; The I/O standard should support the requested On Chip Termination value.                             ; Critical ; No Termination assignments found.                                        ; I/O  ;                   ;
; Pass         ; IO_000020 ; I/O Properties Checks for One I/O ; The I/O standard should support the requested PCI Clamp Diode.                                       ; Critical ; 0 such failures found.                                                   ; I/O  ;                   ;
; Inapplicable ; IO_000021 ; I/O Properties Checks for One I/O ; The I/O standard should support the requested Weak Pull Up value.                                    ; Critical ; No Weak Pull-Up Resistor assignments found.                              ; I/O  ;                   ;
; Inapplicable ; IO_000022 ; I/O Properties Checks for One I/O ; The I/O standard should support the requested Bus Hold value.                                        ; Critical ; No Enable Bus-Hold Circuitry assignments found.                          ; I/O  ;                   ;
; Inapplicable ; IO_000023 ; I/O Properties Checks for One I/O ; The I/O standard should support the Open Drain value.                                                ; Critical ; No open drain assignments found.                                         ; I/O  ;                   ;
; Inapplicable ; IO_000024 ; I/O Properties Checks for One I/O ; The I/O direction should support the On Chip Termination value.                                      ; Critical ; No Termination assignments found.                                        ; I/O  ;                   ;
; Inapplicable ; IO_000026 ; I/O Properties Checks for One I/O ; On Chip Termination and Current Strength should not be used at the same time.                        ; Critical ; No Current Strength or Termination assignments found.                    ; I/O  ;                   ;
; Inapplicable ; IO_000027 ; I/O Properties Checks for One I/O ; Weak Pull Up and Bus Hold should not be used at the same time.                                       ; Critical ; No Enable Bus-Hold Circuitry or Weak Pull-Up Resistor assignments found. ; I/O  ;                   ;
; Inapplicable ; IO_000045 ; I/O Properties Checks for One I/O ; The I/O standard should support the requested Slew Rate value.                                       ; Critical ; No Slew Rate assignments found.                                          ; I/O  ;                   ;
; Inapplicable ; IO_000046 ; I/O Properties Checks for One I/O ; The location should support the requested Slew Rate value.                                           ; Critical ; No Slew Rate assignments found.                                          ; I/O  ;                   ;
; Inapplicable ; IO_000047 ; I/O Properties Checks for One I/O ; On Chip Termination and Slew Rate should not be used at the same time.                               ; Critical ; No Slew Rate assignments found.                                          ; I/O  ;                   ;
; Pass         ; IO_000033 ; Electromigration Checks           ; Current density for consecutive I/Os should not exceed 160mA for row I/Os and 160mA for column I/Os. ; Critical ; 0 such failures found.                                                   ; I/O  ;                   ;
; Inapplicable ; IO_000034 ; SI Related Distance Checks        ; Single-ended outputs should be 5 LAB row(s) away from a differential I/O.                            ; High     ; No Differential I/O Standard assignments found.                          ; I/O  ;                   ;
; Inapplicable ; IO_000042 ; SI Related SSO Limit Checks       ; No more than 20 outputs are allowed in a VREF group when VREF is being read from.                    ; High     ; No VREF I/O Standard assignments found.                                  ; I/O  ;                   ;
+--------------+-----------+-----------------------------------+------------------------------------------------------------------------------------------------------+----------+--------------------------------------------------------------------------+------+-------------------+


+-----------------------------------------------------------------------------------------------------------------------------------------------------------------------------------------------------------------------------------------------------------------------------------------------------------------------------------------------------------------------------------------------------------------------------------------------------------------+
; I/O Rules Matrix                                                                                                                                                                                                                                                                                                                                                                                                                                                ;
+--------------------+-----------+--------------+-----------+--------------+--------------+-----------+-----------+--------------+-----------+-----------+--------------+--------------+--------------+--------------+--------------+--------------+--------------+--------------+--------------+--------------+--------------+--------------+--------------+--------------+--------------+--------------+--------------+-----------+--------------+--------------+
; Pin/Rules          ; IO_000001 ; IO_000002    ; IO_000003 ; IO_000004    ; IO_000005    ; IO_000006 ; IO_000007 ; IO_000008    ; IO_000009 ; IO_000010 ; IO_000011    ; IO_000012    ; IO_000013    ; IO_000014    ; IO_000015    ; IO_000018    ; IO_000019    ; IO_000020    ; IO_000021    ; IO_000022    ; IO_000023    ; IO_000024    ; IO_000026    ; IO_000027    ; IO_000045    ; IO_000046    ; IO_000047    ; IO_000033 ; IO_000034    ; IO_000042    ;
+--------------------+-----------+--------------+-----------+--------------+--------------+-----------+-----------+--------------+-----------+-----------+--------------+--------------+--------------+--------------+--------------+--------------+--------------+--------------+--------------+--------------+--------------+--------------+--------------+--------------+--------------+--------------+--------------+-----------+--------------+--------------+
; Total Pass         ; 28        ; 0            ; 28        ; 0            ; 0            ; 28        ; 28        ; 0            ; 28        ; 28        ; 0            ; 0            ; 0            ; 0            ; 11           ; 0            ; 0            ; 11           ; 0            ; 0            ; 0            ; 0            ; 0            ; 0            ; 0            ; 0            ; 0            ; 28        ; 0            ; 0            ;
; Total Unchecked    ; 0         ; 0            ; 0         ; 0            ; 0            ; 0         ; 0         ; 0            ; 0         ; 0         ; 0            ; 0            ; 0            ; 0            ; 0            ; 0            ; 0            ; 0            ; 0            ; 0            ; 0            ; 0            ; 0            ; 0            ; 0            ; 0            ; 0            ; 0         ; 0            ; 0            ;
; Total Inapplicable ; 0         ; 28           ; 0         ; 28           ; 28           ; 0         ; 0         ; 28           ; 0         ; 0         ; 28           ; 28           ; 28           ; 28           ; 17           ; 28           ; 28           ; 17           ; 28           ; 28           ; 28           ; 28           ; 28           ; 28           ; 28           ; 28           ; 28           ; 0         ; 28           ; 28           ;
; Total Fail         ; 0         ; 0            ; 0         ; 0            ; 0            ; 0         ; 0         ; 0            ; 0         ; 0         ; 0            ; 0            ; 0            ; 0            ; 0            ; 0            ; 0            ; 0            ; 0            ; 0            ; 0            ; 0            ; 0            ; 0            ; 0            ; 0            ; 0            ; 0         ; 0            ; 0            ;
; LEDR[0]            ; Pass      ; Inapplicable ; Pass      ; Inapplicable ; Inapplicable ; Pass      ; Pass      ; Inapplicable ; Pass      ; Pass      ; Inapplicable ; Inapplicable ; Inapplicable ; Inapplicable ; Inapplicable ; Inapplicable ; Inapplicable ; Inapplicable ; Inapplicable ; Inapplicable ; Inapplicable ; Inapplicable ; Inapplicable ; Inapplicable ; Inapplicable ; Inapplicable ; Inapplicable ; Pass      ; Inapplicable ; Inapplicable ;
; LEDR[1]            ; Pass      ; Inapplicable ; Pass      ; Inapplicable ; Inapplicable ; Pass      ; Pass      ; Inapplicable ; Pass      ; Pass      ; Inapplicable ; Inapplicable ; Inapplicable ; Inapplicable ; Inapplicable ; Inapplicable ; Inapplicable ; Inapplicable ; Inapplicable ; Inapplicable ; Inapplicable ; Inapplicable ; Inapplicable ; Inapplicable ; Inapplicable ; Inapplicable ; Inapplicable ; Pass      ; Inapplicable ; Inapplicable ;
; LEDR[2]            ; Pass      ; Inapplicable ; Pass      ; Inapplicable ; Inapplicable ; Pass      ; Pass      ; Inapplicable ; Pass      ; Pass      ; Inapplicable ; Inapplicable ; Inapplicable ; Inapplicable ; Inapplicable ; Inapplicable ; Inapplicable ; Inapplicable ; Inapplicable ; Inapplicable ; Inapplicable ; Inapplicable ; Inapplicable ; Inapplicable ; Inapplicable ; Inapplicable ; Inapplicable ; Pass      ; Inapplicable ; Inapplicable ;
; LEDR[3]            ; Pass      ; Inapplicable ; Pass      ; Inapplicable ; Inapplicable ; Pass      ; Pass      ; Inapplicable ; Pass      ; Pass      ; Inapplicable ; Inapplicable ; Inapplicable ; Inapplicable ; Inapplicable ; Inapplicable ; Inapplicable ; Inapplicable ; Inapplicable ; Inapplicable ; Inapplicable ; Inapplicable ; Inapplicable ; Inapplicable ; Inapplicable ; Inapplicable ; Inapplicable ; Pass      ; Inapplicable ; Inapplicable ;
; LEDR[4]            ; Pass      ; Inapplicable ; Pass      ; Inapplicable ; Inapplicable ; Pass      ; Pass      ; Inapplicable ; Pass      ; Pass      ; Inapplicable ; Inapplicable ; Inapplicable ; Inapplicable ; Inapplicable ; Inapplicable ; Inapplicable ; Inapplicable ; Inapplicable ; Inapplicable ; Inapplicable ; Inapplicable ; Inapplicable ; Inapplicable ; Inapplicable ; Inapplicable ; Inapplicable ; Pass      ; Inapplicable ; Inapplicable ;
; LEDR[5]            ; Pass      ; Inapplicable ; Pass      ; Inapplicable ; Inapplicable ; Pass      ; Pass      ; Inapplicable ; Pass      ; Pass      ; Inapplicable ; Inapplicable ; Inapplicable ; Inapplicable ; Inapplicable ; Inapplicable ; Inapplicable ; Inapplicable ; Inapplicable ; Inapplicable ; Inapplicable ; Inapplicable ; Inapplicable ; Inapplicable ; Inapplicable ; Inapplicable ; Inapplicable ; Pass      ; Inapplicable ; Inapplicable ;
; LEDR[6]            ; Pass      ; Inapplicable ; Pass      ; Inapplicable ; Inapplicable ; Pass      ; Pass      ; Inapplicable ; Pass      ; Pass      ; Inapplicable ; Inapplicable ; Inapplicable ; Inapplicable ; Inapplicable ; Inapplicable ; Inapplicable ; Inapplicable ; Inapplicable ; Inapplicable ; Inapplicable ; Inapplicable ; Inapplicable ; Inapplicable ; Inapplicable ; Inapplicable ; Inapplicable ; Pass      ; Inapplicable ; Inapplicable ;
; LEDR[7]            ; Pass      ; Inapplicable ; Pass      ; Inapplicable ; Inapplicable ; Pass      ; Pass      ; Inapplicable ; Pass      ; Pass      ; Inapplicable ; Inapplicable ; Inapplicable ; Inapplicable ; Inapplicable ; Inapplicable ; Inapplicable ; Inapplicable ; Inapplicable ; Inapplicable ; Inapplicable ; Inapplicable ; Inapplicable ; Inapplicable ; Inapplicable ; Inapplicable ; Inapplicable ; Pass      ; Inapplicable ; Inapplicable ;
; LEDR[8]            ; Pass      ; Inapplicable ; Pass      ; Inapplicable ; Inapplicable ; Pass      ; Pass      ; Inapplicable ; Pass      ; Pass      ; Inapplicable ; Inapplicable ; Inapplicable ; Inapplicable ; Inapplicable ; Inapplicable ; Inapplicable ; Inapplicable ; Inapplicable ; Inapplicable ; Inapplicable ; Inapplicable ; Inapplicable ; Inapplicable ; Inapplicable ; Inapplicable ; Inapplicable ; Pass      ; Inapplicable ; Inapplicable ;
; LEDR[9]            ; Pass      ; Inapplicable ; Pass      ; Inapplicable ; Inapplicable ; Pass      ; Pass      ; Inapplicable ; Pass      ; Pass      ; Inapplicable ; Inapplicable ; Inapplicable ; Inapplicable ; Inapplicable ; Inapplicable ; Inapplicable ; Inapplicable ; Inapplicable ; Inapplicable ; Inapplicable ; Inapplicable ; Inapplicable ; Inapplicable ; Inapplicable ; Inapplicable ; Inapplicable ; Pass      ; Inapplicable ; Inapplicable ;
; HEX5[0]            ; Pass      ; Inapplicable ; Pass      ; Inapplicable ; Inapplicable ; Pass      ; Pass      ; Inapplicable ; Pass      ; Pass      ; Inapplicable ; Inapplicable ; Inapplicable ; Inapplicable ; Inapplicable ; Inapplicable ; Inapplicable ; Inapplicable ; Inapplicable ; Inapplicable ; Inapplicable ; Inapplicable ; Inapplicable ; Inapplicable ; Inapplicable ; Inapplicable ; Inapplicable ; Pass      ; Inapplicable ; Inapplicable ;
; HEX5[1]            ; Pass      ; Inapplicable ; Pass      ; Inapplicable ; Inapplicable ; Pass      ; Pass      ; Inapplicable ; Pass      ; Pass      ; Inapplicable ; Inapplicable ; Inapplicable ; Inapplicable ; Inapplicable ; Inapplicable ; Inapplicable ; Inapplicable ; Inapplicable ; Inapplicable ; Inapplicable ; Inapplicable ; Inapplicable ; Inapplicable ; Inapplicable ; Inapplicable ; Inapplicable ; Pass      ; Inapplicable ; Inapplicable ;
; HEX5[2]            ; Pass      ; Inapplicable ; Pass      ; Inapplicable ; Inapplicable ; Pass      ; Pass      ; Inapplicable ; Pass      ; Pass      ; Inapplicable ; Inapplicable ; Inapplicable ; Inapplicable ; Inapplicable ; Inapplicable ; Inapplicable ; Inapplicable ; Inapplicable ; Inapplicable ; Inapplicable ; Inapplicable ; Inapplicable ; Inapplicable ; Inapplicable ; Inapplicable ; Inapplicable ; Pass      ; Inapplicable ; Inapplicable ;
; HEX5[3]            ; Pass      ; Inapplicable ; Pass      ; Inapplicable ; Inapplicable ; Pass      ; Pass      ; Inapplicable ; Pass      ; Pass      ; Inapplicable ; Inapplicable ; Inapplicable ; Inapplicable ; Inapplicable ; Inapplicable ; Inapplicable ; Inapplicable ; Inapplicable ; Inapplicable ; Inapplicable ; Inapplicable ; Inapplicable ; Inapplicable ; Inapplicable ; Inapplicable ; Inapplicable ; Pass      ; Inapplicable ; Inapplicable ;
; HEX5[4]            ; Pass      ; Inapplicable ; Pass      ; Inapplicable ; Inapplicable ; Pass      ; Pass      ; Inapplicable ; Pass      ; Pass      ; Inapplicable ; Inapplicable ; Inapplicable ; Inapplicable ; Inapplicable ; Inapplicable ; Inapplicable ; Inapplicable ; Inapplicable ; Inapplicable ; Inapplicable ; Inapplicable ; Inapplicable ; Inapplicable ; Inapplicable ; Inapplicable ; Inapplicable ; Pass      ; Inapplicable ; Inapplicable ;
; HEX5[5]            ; Pass      ; Inapplicable ; Pass      ; Inapplicable ; Inapplicable ; Pass      ; Pass      ; Inapplicable ; Pass      ; Pass      ; Inapplicable ; Inapplicable ; Inapplicable ; Inapplicable ; Inapplicable ; Inapplicable ; Inapplicable ; Inapplicable ; Inapplicable ; Inapplicable ; Inapplicable ; Inapplicable ; Inapplicable ; Inapplicable ; Inapplicable ; Inapplicable ; Inapplicable ; Pass      ; Inapplicable ; Inapplicable ;
; HEX5[6]            ; Pass      ; Inapplicable ; Pass      ; Inapplicable ; Inapplicable ; Pass      ; Pass      ; Inapplicable ; Pass      ; Pass      ; Inapplicable ; Inapplicable ; Inapplicable ; Inapplicable ; Inapplicable ; Inapplicable ; Inapplicable ; Inapplicable ; Inapplicable ; Inapplicable ; Inapplicable ; Inapplicable ; Inapplicable ; Inapplicable ; Inapplicable ; Inapplicable ; Inapplicable ; Pass      ; Inapplicable ; Inapplicable ;
; KEY[0]             ; Pass      ; Inapplicable ; Pass      ; Inapplicable ; Inapplicable ; Pass      ; Pass      ; Inapplicable ; Pass      ; Pass      ; Inapplicable ; Inapplicable ; Inapplicable ; Inapplicable ; Pass         ; Inapplicable ; Inapplicable ; Pass         ; Inapplicable ; Inapplicable ; Inapplicable ; Inapplicable ; Inapplicable ; Inapplicable ; Inapplicable ; Inapplicable ; Inapplicable ; Pass      ; Inapplicable ; Inapplicable ;
; KEY[1]             ; Pass      ; Inapplicable ; Pass      ; Inapplicable ; Inapplicable ; Pass      ; Pass      ; Inapplicable ; Pass      ; Pass      ; Inapplicable ; Inapplicable ; Inapplicable ; Inapplicable ; Pass         ; Inapplicable ; Inapplicable ; Pass         ; Inapplicable ; Inapplicable ; Inapplicable ; Inapplicable ; Inapplicable ; Inapplicable ; Inapplicable ; Inapplicable ; Inapplicable ; Pass      ; Inapplicable ; Inapplicable ;
; SW[0]              ; Pass      ; Inapplicable ; Pass      ; Inapplicable ; Inapplicable ; Pass      ; Pass      ; Inapplicable ; Pass      ; Pass      ; Inapplicable ; Inapplicable ; Inapplicable ; Inapplicable ; Pass         ; Inapplicable ; Inapplicable ; Pass         ; Inapplicable ; Inapplicable ; Inapplicable ; Inapplicable ; Inapplicable ; Inapplicable ; Inapplicable ; Inapplicable ; Inapplicable ; Pass      ; Inapplicable ; Inapplicable ;
; SW[1]              ; Pass      ; Inapplicable ; Pass      ; Inapplicable ; Inapplicable ; Pass      ; Pass      ; Inapplicable ; Pass      ; Pass      ; Inapplicable ; Inapplicable ; Inapplicable ; Inapplicable ; Pass         ; Inapplicable ; Inapplicable ; Pass         ; Inapplicable ; Inapplicable ; Inapplicable ; Inapplicable ; Inapplicable ; Inapplicable ; Inapplicable ; Inapplicable ; Inapplicable ; Pass      ; Inapplicable ; Inapplicable ;
; SW[2]              ; Pass      ; Inapplicable ; Pass      ; Inapplicable ; Inapplicable ; Pass      ; Pass      ; Inapplicable ; Pass      ; Pass      ; Inapplicable ; Inapplicable ; Inapplicable ; Inapplicable ; Pass         ; Inapplicable ; Inapplicable ; Pass         ; Inapplicable ; Inapplicable ; Inapplicable ; Inapplicable ; Inapplicable ; Inapplicable ; Inapplicable ; Inapplicable ; Inapplicable ; Pass      ; Inapplicable ; Inapplicable ;
; SW[3]              ; Pass      ; Inapplicable ; Pass      ; Inapplicable ; Inapplicable ; Pass      ; Pass      ; Inapplicable ; Pass      ; Pass      ; Inapplicable ; Inapplicable ; Inapplicable ; Inapplicable ; Pass         ; Inapplicable ; Inapplicable ; Pass         ; Inapplicable ; Inapplicable ; Inapplicable ; Inapplicable ; Inapplicable ; Inapplicable ; Inapplicable ; Inapplicable ; Inapplicable ; Pass      ; Inapplicable ; Inapplicable ;
; SW[4]              ; Pass      ; Inapplicable ; Pass      ; Inapplicable ; Inapplicable ; Pass      ; Pass      ; Inapplicable ; Pass      ; Pass      ; Inapplicable ; Inapplicable ; Inapplicable ; Inapplicable ; Pass         ; Inapplicable ; Inapplicable ; Pass         ; Inapplicable ; Inapplicable ; Inapplicable ; Inapplicable ; Inapplicable ; Inapplicable ; Inapplicable ; Inapplicable ; Inapplicable ; Pass      ; Inapplicable ; Inapplicable ;
; SW[5]              ; Pass      ; Inapplicable ; Pass      ; Inapplicable ; Inapplicable ; Pass      ; Pass      ; Inapplicable ; Pass      ; Pass      ; Inapplicable ; Inapplicable ; Inapplicable ; Inapplicable ; Pass         ; Inapplicable ; Inapplicable ; Pass         ; Inapplicable ; Inapplicable ; Inapplicable ; Inapplicable ; Inapplicable ; Inapplicable ; Inapplicable ; Inapplicable ; Inapplicable ; Pass      ; Inapplicable ; Inapplicable ;
; SW[6]              ; Pass      ; Inapplicable ; Pass      ; Inapplicable ; Inapplicable ; Pass      ; Pass      ; Inapplicable ; Pass      ; Pass      ; Inapplicable ; Inapplicable ; Inapplicable ; Inapplicable ; Pass         ; Inapplicable ; Inapplicable ; Pass         ; Inapplicable ; Inapplicable ; Inapplicable ; Inapplicable ; Inapplicable ; Inapplicable ; Inapplicable ; Inapplicable ; Inapplicable ; Pass      ; Inapplicable ; Inapplicable ;
; SW[7]              ; Pass      ; Inapplicable ; Pass      ; Inapplicable ; Inapplicable ; Pass      ; Pass      ; Inapplicable ; Pass      ; Pass      ; Inapplicable ; Inapplicable ; Inapplicable ; Inapplicable ; Pass         ; Inapplicable ; Inapplicable ; Pass         ; Inapplicable ; Inapplicable ; Inapplicable ; Inapplicable ; Inapplicable ; Inapplicable ; Inapplicable ; Inapplicable ; Inapplicable ; Pass      ; Inapplicable ; Inapplicable ;
; SW[8]              ; Pass      ; Inapplicable ; Pass      ; Inapplicable ; Inapplicable ; Pass      ; Pass      ; Inapplicable ; Pass      ; Pass      ; Inapplicable ; Inapplicable ; Inapplicable ; Inapplicable ; Pass         ; Inapplicable ; Inapplicable ; Pass         ; Inapplicable ; Inapplicable ; Inapplicable ; Inapplicable ; Inapplicable ; Inapplicable ; Inapplicable ; Inapplicable ; Inapplicable ; Pass      ; Inapplicable ; Inapplicable ;
+--------------------+-----------+--------------+-----------+--------------+--------------+-----------+-----------+--------------+-----------+-----------+--------------+--------------+--------------+--------------+--------------+--------------+--------------+--------------+--------------+--------------+--------------+--------------+--------------+--------------+--------------+--------------+--------------+-----------+--------------+--------------+


+-------------------------------------------------------------------------------------------+
; Fitter Device Options                                                                     ;
+------------------------------------------------------------------+------------------------+
; Option                                                           ; Setting                ;
+------------------------------------------------------------------+------------------------+
; Enable user-supplied start-up clock (CLKUSR)                     ; Off                    ;
; Enable device-wide reset (DEV_CLRn)                              ; Off                    ;
; Enable device-wide output enable (DEV_OE)                        ; Off                    ;
; Enable INIT_DONE output                                          ; Off                    ;
; Configuration scheme                                             ; Internal Configuration ;
; Enable Error Detection CRC_ERROR pin                             ; Off                    ;
; Enable open drain on CRC_ERROR pin                               ; Off                    ;
; Enable nCONFIG, nSTATUS, and CONF_DONE pins                      ; On                     ;
; Enable JTAG pin sharing                                          ; Off                    ;
; Enable nCE pin                                                   ; Off                    ;
; Enable CONFIG_SEL pin                                            ; On                     ;
; Enable input tri-state on active configuration pins in user mode ; Off                    ;
; Configuration Voltage Level                                      ; Auto                   ;
; Force Configuration Voltage Level                                ; Off                    ;
; Data[0]                                                          ; Unreserved             ;
; Data[1]/ASDO                                                     ; Unreserved             ;
; FLASH_nCE/nCSO                                                   ; Unreserved             ;
; DCLK                                                             ; Unreserved             ;
+------------------------------------------------------------------+------------------------+


+------------------------------------+
; Operating Settings and Conditions  ;
+---------------------------+--------+
; Setting                   ; Value  ;
+---------------------------+--------+
; Nominal Core Voltage      ; 1.20 V ;
; Low Junction Temperature  ; 0 °C   ;
; High Junction Temperature ; 85 °C  ;
+---------------------------+--------+


+--------------------------------------------------------------------------------------------------------------------------------------+
; Estimated Delay Added for Hold Timing Summary                                                                                        ;
+--------------------------------------------------------------+---------------------------------------------------+-------------------+
; Source Clock(s)                                              ; Destination Clock(s)                              ; Delay Added in ns ;
+--------------------------------------------------------------+---------------------------------------------------+-------------------+
; KEY[1],simple_proc:u_processor|tick_FSM:tick_fsm|tick[0]     ; KEY[1]                                            ; 48.4              ;
; KEY[1],simple_proc:u_processor|tick_FSM:tick_fsm|tick[0]     ; KEY[1],I/O                                        ; 19.6              ;
; KEY[1]                                                       ; KEY[1]                                            ; 14.7              ;
; KEY[1]                                                       ; simple_proc:u_processor|tick_FSM:tick_fsm|tick[0] ; 12.2              ;
; KEY[1],simple_proc:u_processor|tick_FSM:tick_fsm|tick[0],I/O ; KEY[1]                                            ; 7.6               ;
; KEY[1]                                                       ; KEY[1],I/O                                        ; 6.8               ;
; simple_proc:u_processor|tick_FSM:tick_fsm|tick[0]            ; KEY[1]                                            ; 4.1               ;
; simple_proc:u_processor|tick_FSM:tick_fsm|tick[0]            ; KEY[1],I/O                                        ; 3.2               ;
; simple_proc:u_processor|tick_FSM:tick_fsm|tick[0],I/O        ; KEY[1]                                            ; 2.6               ;
+--------------------------------------------------------------+---------------------------------------------------+-------------------+
Note: For more information on problematic transfers, consider running the Fitter again with the Optimize hold timing option (Settings Menu) turned off.
This will disable optimization of problematic paths and expose them for further analysis using the Timing Analyzer.


+---------------------------------------------------------------------------------------------------------------------------+
; Estimated Delay Added for Hold Timing Details                                                                             ;
+---------------------------------------------------+---------------------------------------------------+-------------------+
; Source Register                                   ; Destination Register                              ; Delay Added in ns ;
+---------------------------------------------------+---------------------------------------------------+-------------------+
; simple_proc:u_processor|tick_FSM:tick_fsm|tick[0] ; simple_proc:u_processor|tick_FSM:tick_fsm|tick[1] ; 4.508             ;
; simple_proc:u_processor|tick_FSM:tick_fsm|tick[1] ; simple_proc:u_processor|tick_FSM:tick_fsm|tick[3] ; 2.890             ;
; simple_proc:u_processor|opcode[0]                 ; simple_proc:u_processor|register_n:reg4|Q[15]     ; 2.652             ;
; simple_proc:u_processor|opcode[1]                 ; simple_proc:u_processor|register_n:reg4|Q[15]     ; 2.611             ;
; simple_proc:u_processor|opcode[2]                 ; simple_proc:u_processor|register_n:reg4|Q[15]     ; 2.603             ;
; simple_proc:u_processor|RI_enable                 ; simple_proc:u_processor|register_n:reg_IR|Q[2]    ; 2.594             ;
; simple_proc:u_processor|tick_FSM:tick_fsm|tick[2] ; simple_proc:u_processor|register_n:reg4|Q[15]     ; 2.466             ;
; simple_proc:u_processor|tick_FSM:tick_fsm|tick[3] ; simple_proc:u_processor|register_n:regA|Q[8]      ; 2.385             ;
; simple_proc:u_processor|reg_y[1]                  ; simple_proc:u_processor|register_n:reg4|Q[15]     ; 1.942             ;
; simple_proc:u_processor|reg_x[1]                  ; simple_proc:u_processor|register_n:reg4|Q[15]     ; 1.942             ;
; simple_proc:u_processor|reg_y[2]                  ; simple_proc:u_processor|register_n:reg4|Q[15]     ; 1.895             ;
; simple_proc:u_processor|reg_x[2]                  ; simple_proc:u_processor|register_n:reg4|Q[15]     ; 1.895             ;
; simple_proc:u_processor|reg_x[0]                  ; simple_proc:u_processor|register_n:regG|Q[15]     ; 1.803             ;
; simple_proc:u_processor|reg_y[0]                  ; simple_proc:u_processor|register_n:regG|Q[15]     ; 1.803             ;
; KEY[0]                                            ; simple_proc:u_processor|register_n:regA|Q[8]      ; 1.340             ;
; simple_proc:u_processor|register_n:reg5|Q[15]     ; simple_proc:u_processor|register_n:regG|Q[15]     ; 1.330             ;
; simple_proc:u_processor|register_n:reg4|Q[15]     ; simple_proc:u_processor|register_n:regG|Q[15]     ; 1.330             ;
; simple_proc:u_processor|register_n:reg6|Q[15]     ; simple_proc:u_processor|register_n:regG|Q[15]     ; 1.229             ;
; simple_proc:u_processor|register_n:reg7|Q[15]     ; simple_proc:u_processor|register_n:regG|Q[15]     ; 1.229             ;
; simple_proc:u_processor|register_n:reg6|Q[13]     ; simple_proc:u_processor|register_n:reg2|Q[13]     ; 1.100             ;
; simple_proc:u_processor|register_n:reg5|Q[13]     ; simple_proc:u_processor|register_n:reg2|Q[13]     ; 1.100             ;
; simple_proc:u_processor|register_n:reg4|Q[13]     ; simple_proc:u_processor|register_n:reg2|Q[13]     ; 1.100             ;
; simple_proc:u_processor|register_n:reg7|Q[13]     ; simple_proc:u_processor|register_n:reg2|Q[13]     ; 1.100             ;
; simple_proc:u_processor|register_n:reg_IR|Q[5]    ; simple_proc:u_processor|reg_x[2]                  ; 1.072             ;
; simple_proc:u_processor|register_n:reg6|Q[8]      ; simple_proc:u_processor|register_n:reg2|Q[8]      ; 1.023             ;
; simple_proc:u_processor|register_n:reg5|Q[8]      ; simple_proc:u_processor|register_n:reg2|Q[8]      ; 1.023             ;
; simple_proc:u_processor|register_n:reg4|Q[8]      ; simple_proc:u_processor|register_n:reg2|Q[8]      ; 1.023             ;
; simple_proc:u_processor|register_n:reg7|Q[8]      ; simple_proc:u_processor|register_n:reg2|Q[8]      ; 1.023             ;
; simple_proc:u_processor|register_n:reg1|Q[15]     ; simple_proc:u_processor|register_n:regG|Q[15]     ; 1.005             ;
; simple_proc:u_processor|register_n:reg2|Q[15]     ; simple_proc:u_processor|register_n:regG|Q[15]     ; 1.005             ;
; simple_proc:u_processor|register_n:reg0|Q[15]     ; simple_proc:u_processor|register_n:regG|Q[15]     ; 1.005             ;
; simple_proc:u_processor|register_n:reg3|Q[15]     ; simple_proc:u_processor|register_n:regG|Q[15]     ; 1.005             ;
; simple_proc:u_processor|register_n:reg5|Q[2]      ; simple_proc:u_processor|register_n:reg2|Q[2]      ; 0.974             ;
; simple_proc:u_processor|register_n:reg4|Q[2]      ; simple_proc:u_processor|register_n:reg2|Q[2]      ; 0.974             ;
; simple_proc:u_processor|immediate_reg[8]          ; simple_proc:u_processor|register_n:regG|Q[15]     ; 0.970             ;
; simple_proc:u_processor|register_n:reg6|Q[7]      ; simple_proc:u_processor|register_n:reg6|Q[7]      ; 0.948             ;
; simple_proc:u_processor|register_n:reg5|Q[7]      ; simple_proc:u_processor|register_n:reg6|Q[7]      ; 0.948             ;
; simple_proc:u_processor|register_n:reg4|Q[7]      ; simple_proc:u_processor|register_n:reg6|Q[7]      ; 0.948             ;
; simple_proc:u_processor|register_n:reg7|Q[7]      ; simple_proc:u_processor|register_n:reg6|Q[7]      ; 0.948             ;
; simple_proc:u_processor|register_n:reg6|Q[2]      ; simple_proc:u_processor|register_n:reg2|Q[2]      ; 0.943             ;
; simple_proc:u_processor|register_n:reg7|Q[2]      ; simple_proc:u_processor|register_n:reg2|Q[2]      ; 0.943             ;
; simple_proc:u_processor|register_n:reg6|Q[14]     ; simple_proc:u_processor|register_n:reg1|Q[14]     ; 0.915             ;
; simple_proc:u_processor|register_n:reg5|Q[14]     ; simple_proc:u_processor|register_n:reg1|Q[14]     ; 0.915             ;
; simple_proc:u_processor|register_n:reg4|Q[14]     ; simple_proc:u_processor|register_n:reg1|Q[14]     ; 0.915             ;
; simple_proc:u_processor|register_n:reg7|Q[14]     ; simple_proc:u_processor|register_n:reg1|Q[14]     ; 0.915             ;
; simple_proc:u_processor|register_n:reg2|Q[13]     ; simple_proc:u_processor|register_n:reg2|Q[13]     ; 0.908             ;
; simple_proc:u_processor|register_n:reg0|Q[13]     ; simple_proc:u_processor|register_n:reg2|Q[13]     ; 0.908             ;
; simple_proc:u_processor|register_n:reg1|Q[8]      ; simple_proc:u_processor|register_n:reg2|Q[8]      ; 0.900             ;
; simple_proc:u_processor|register_n:reg2|Q[8]      ; simple_proc:u_processor|register_n:reg2|Q[8]      ; 0.900             ;
; simple_proc:u_processor|register_n:reg0|Q[8]      ; simple_proc:u_processor|register_n:reg2|Q[8]      ; 0.900             ;
; simple_proc:u_processor|register_n:reg3|Q[8]      ; simple_proc:u_processor|register_n:reg2|Q[8]      ; 0.900             ;
; simple_proc:u_processor|register_n:regG|Q[15]     ; simple_proc:u_processor|register_n:regG|Q[15]     ; 0.881             ;
; simple_proc:u_processor|register_n:reg_IR|Q[1]    ; simple_proc:u_processor|reg_y[1]                  ; 0.855             ;
; simple_proc:u_processor|register_n:reg1|Q[13]     ; simple_proc:u_processor|register_n:reg2|Q[13]     ; 0.846             ;
; simple_proc:u_processor|register_n:reg3|Q[13]     ; simple_proc:u_processor|register_n:reg2|Q[13]     ; 0.846             ;
; simple_proc:u_processor|register_n:reg2|Q[12]     ; simple_proc:u_processor|register_n:reg2|Q[12]     ; 0.821             ;
; simple_proc:u_processor|register_n:reg0|Q[12]     ; simple_proc:u_processor|register_n:reg2|Q[12]     ; 0.821             ;
; simple_proc:u_processor|register_n:reg6|Q[9]      ; simple_proc:u_processor|register_n:reg6|Q[9]      ; 0.806             ;
; simple_proc:u_processor|register_n:reg5|Q[9]      ; simple_proc:u_processor|register_n:reg6|Q[9]      ; 0.806             ;
; simple_proc:u_processor|register_n:reg4|Q[9]      ; simple_proc:u_processor|register_n:reg6|Q[9]      ; 0.806             ;
; simple_proc:u_processor|register_n:reg7|Q[9]      ; simple_proc:u_processor|register_n:reg6|Q[9]      ; 0.806             ;
; simple_proc:u_processor|register_n:reg6|Q[5]      ; simple_proc:u_processor|register_n:reg2|Q[5]      ; 0.801             ;
; simple_proc:u_processor|register_n:reg5|Q[5]      ; simple_proc:u_processor|register_n:reg2|Q[5]      ; 0.801             ;
; simple_proc:u_processor|register_n:reg4|Q[5]      ; simple_proc:u_processor|register_n:reg2|Q[5]      ; 0.801             ;
; simple_proc:u_processor|register_n:reg7|Q[5]      ; simple_proc:u_processor|register_n:reg2|Q[5]      ; 0.801             ;
; simple_proc:u_processor|register_n:reg6|Q[1]      ; simple_proc:u_processor|register_n:reg6|Q[1]      ; 0.788             ;
; simple_proc:u_processor|register_n:reg5|Q[1]      ; simple_proc:u_processor|register_n:reg6|Q[1]      ; 0.788             ;
; simple_proc:u_processor|register_n:reg4|Q[1]      ; simple_proc:u_processor|register_n:reg6|Q[1]      ; 0.788             ;
; simple_proc:u_processor|register_n:reg7|Q[1]      ; simple_proc:u_processor|register_n:reg6|Q[1]      ; 0.788             ;
; simple_proc:u_processor|register_n:reg1|Q[7]      ; simple_proc:u_processor|register_n:reg6|Q[7]      ; 0.784             ;
; simple_proc:u_processor|register_n:reg2|Q[7]      ; simple_proc:u_processor|register_n:reg6|Q[7]      ; 0.784             ;
; simple_proc:u_processor|register_n:reg0|Q[7]      ; simple_proc:u_processor|register_n:reg6|Q[7]      ; 0.784             ;
; simple_proc:u_processor|register_n:reg3|Q[7]      ; simple_proc:u_processor|register_n:reg6|Q[7]      ; 0.784             ;
; simple_proc:u_processor|register_n:regG|Q[13]     ; simple_proc:u_processor|register_n:reg2|Q[13]     ; 0.776             ;
; simple_proc:u_processor|register_n:regG|Q[8]      ; simple_proc:u_processor|register_n:reg2|Q[8]      ; 0.769             ;
; simple_proc:u_processor|register_n:reg1|Q[14]     ; simple_proc:u_processor|register_n:reg1|Q[14]     ; 0.765             ;
; simple_proc:u_processor|register_n:reg2|Q[14]     ; simple_proc:u_processor|register_n:reg1|Q[14]     ; 0.765             ;
; simple_proc:u_processor|register_n:reg0|Q[14]     ; simple_proc:u_processor|register_n:reg1|Q[14]     ; 0.765             ;
; simple_proc:u_processor|register_n:reg3|Q[14]     ; simple_proc:u_processor|register_n:reg1|Q[14]     ; 0.765             ;
; simple_proc:u_processor|register_n:regG|Q[7]      ; simple_proc:u_processor|register_n:reg6|Q[7]      ; 0.762             ;
; simple_proc:u_processor|immediate_reg[7]          ; simple_proc:u_processor|register_n:reg6|Q[7]      ; 0.762             ;
; simple_proc:u_processor|register_n:reg1|Q[1]      ; simple_proc:u_processor|register_n:reg6|Q[1]      ; 0.755             ;
; simple_proc:u_processor|register_n:reg2|Q[1]      ; simple_proc:u_processor|register_n:reg6|Q[1]      ; 0.755             ;
; simple_proc:u_processor|register_n:reg0|Q[1]      ; simple_proc:u_processor|register_n:reg6|Q[1]      ; 0.755             ;
; simple_proc:u_processor|register_n:reg3|Q[1]      ; simple_proc:u_processor|register_n:reg6|Q[1]      ; 0.755             ;
; simple_proc:u_processor|register_n:regG|Q[1]      ; simple_proc:u_processor|register_n:reg6|Q[1]      ; 0.755             ;
; simple_proc:u_processor|immediate_reg[1]          ; simple_proc:u_processor|register_n:reg6|Q[1]      ; 0.755             ;
; simple_proc:u_processor|register_n:reg1|Q[2]      ; simple_proc:u_processor|register_n:reg2|Q[2]      ; 0.748             ;
; simple_proc:u_processor|register_n:reg2|Q[2]      ; simple_proc:u_processor|register_n:reg2|Q[2]      ; 0.748             ;
; simple_proc:u_processor|register_n:reg0|Q[2]      ; simple_proc:u_processor|register_n:reg2|Q[2]      ; 0.748             ;
; simple_proc:u_processor|register_n:reg3|Q[2]      ; simple_proc:u_processor|register_n:reg2|Q[2]      ; 0.748             ;
; simple_proc:u_processor|register_n:regG|Q[2]      ; simple_proc:u_processor|register_n:reg2|Q[2]      ; 0.748             ;
; simple_proc:u_processor|immediate_reg[2]          ; simple_proc:u_processor|register_n:reg2|Q[2]      ; 0.748             ;
; simple_proc:u_processor|register_n:reg5|Q[6]      ; simple_proc:u_processor|register_n:reg2|Q[6]      ; 0.725             ;
; simple_proc:u_processor|register_n:reg4|Q[6]      ; simple_proc:u_processor|register_n:reg2|Q[6]      ; 0.725             ;
; simple_proc:u_processor|register_n:reg1|Q[12]     ; simple_proc:u_processor|register_n:reg2|Q[12]     ; 0.716             ;
; simple_proc:u_processor|register_n:reg3|Q[12]     ; simple_proc:u_processor|register_n:reg2|Q[12]     ; 0.716             ;
; simple_proc:u_processor|register_n:reg6|Q[6]      ; simple_proc:u_processor|register_n:reg2|Q[6]      ; 0.710             ;
; simple_proc:u_processor|register_n:reg7|Q[6]      ; simple_proc:u_processor|register_n:reg2|Q[6]      ; 0.710             ;
; simple_proc:u_processor|register_n:reg2|Q[0]      ; simple_proc:u_processor|register_n:reg6|Q[0]      ; 0.699             ;
+---------------------------------------------------+---------------------------------------------------+-------------------+
Note: This table only shows the top 100 path(s) that have the largest delay added for hold.


+-----------------+
; Fitter Messages ;
+-----------------+
Warning (18236): Number of processors has not been specified which may cause overloading on shared machines.  Set the global assignment NUM_PARALLEL_PROCESSORS in your QSF to an appropriate value for best performance.
Info (20030): Parallel compilation is enabled and will use 4 of the 4 processors detected
Info (119006): Selected device 10M50DAF484C7G for design "ece2072_project_x72"
Info (21077): Low junction temperature is 0 degrees C
Info (21077): High junction temperature is 85 degrees C
Info (171003): Fitter is performing an Auto Fit compilation, which may decrease Fitter effort to reduce compilation time
Warning (292013): Feature LogicLock is only available with a valid subscription license. You can purchase a software subscription to gain full access to this feature.
Info (176444): Device migration not selected. If you intend to use device migration later, you may need to change the pin assignments as they may be incompatible with other devices
    Info (176445): Device 10M08DAF484I7G is compatible
    Info (176445): Device 10M08DAF484I7P is compatible
    Info (176445): Device 10M16DAF484C7G is compatible
    Info (176445): Device 10M16DAF484I7G is compatible
    Info (176445): Device 10M16DAF484I7P is compatible
    Info (176445): Device 10M25DAF484C7G is compatible
    Info (176445): Device 10M25DAF484I7G is compatible
    Info (176445): Device 10M50DAF484I7G is compatible
    Info (176445): Device 10M50DAF484I7P is compatible
    Info (176445): Device 10M40DAF484C7G is compatible
    Info (176445): Device 10M40DAF484I7G is compatible
Info (169124): Fitter converted 8 user pins into dedicated programming pins
    Info (169125): Pin ~ALTERA_TMS~ is reserved at location H2
    Info (169125): Pin ~ALTERA_TCK~ is reserved at location G2
    Info (169125): Pin ~ALTERA_TDI~ is reserved at location L4
    Info (169125): Pin ~ALTERA_TDO~ is reserved at location M5
    Info (169125): Pin ~ALTERA_CONFIG_SEL~ is reserved at location H10
    Info (169125): Pin ~ALTERA_nCONFIG~ is reserved at location H9
    Info (169125): Pin ~ALTERA_nSTATUS~ is reserved at location G9
    Info (169125): Pin ~ALTERA_CONF_DONE~ is reserved at location F8
Info (169141): DATA[0] dual-purpose pin not reserved
Info (12825): Data[1]/ASDO dual-purpose pin not reserved
Info (12825): nCSO dual-purpose pin not reserved
Info (12825): DCLK dual-purpose pin not reserved
Warning (15714): Some pins have incomplete I/O assignments. Refer to the I/O Assignment Warnings report for details
Warning (335093): The Timing Analyzer is analyzing 23 combinational loops as latches. For more details, run the Check Timing command in the Timing Analyzer or view the "User-Specified and Inferred Latches" table in the Analysis & Synthesis report.
Critical Warning (332012): Synopsys Design Constraints File file not found: 'ece2072_project_x72.sdc'. A Synopsys Design Constraints File is required by the Timing Analyzer to get proper timing constraints. Without it, the Compiler will not properly optimize the design.
Info (332144): No user constrained base clocks found in the design
Info (332097): The following timing edges are non-unate.  The Timing Analyzer will assume pos-unate behavior for these edges in the clock network.
    Info (332098): Cell: u_processor|Mux21~0  from: dataa  to: combout
    Info (332098): Cell: u_processor|WideOr16~0  from: dataa  to: combout
Info (332143): No user constrained clock uncertainty found in the design. Calling "derive_clock_uncertainty"
Info (332123): Deriving Clock Uncertainty. Please refer to report_sdc in the Timing Analyzer to see clock uncertainties.
Info (332130): Timing requirements not specified -- quality metrics such as performance may be sacrificed to reduce compilation time.
Info (176353): Automatically promoted node simple_proc:u_processor|immediate_reg[8]~0  File: C:/Users/mbcra/Documents/MONASH/main/ECE2072/Project/ece2072_project/proc.v Line: 111
    Info (176355): Automatically promoted destinations to use location or clock signal Global Clock
Info (176353): Automatically promoted node simple_proc:u_processor|Decoder56~2  File: C:/Users/mbcra/Documents/MONASH/main/ECE2072/Project/ece2072_project/proc.v Line: 124
    Info (176355): Automatically promoted destinations to use location or clock signal Global Clock
    Info (176356): Following destination nodes may be non-global or may not use global or regional clocks
        Info (176357): Destination node simple_proc:u_processor|opcode[2] File: C:/Users/mbcra/Documents/MONASH/main/ECE2072/Project/ece2072_project/proc.v Line: 111
        Info (176357): Destination node simple_proc:u_processor|opcode[0] File: C:/Users/mbcra/Documents/MONASH/main/ECE2072/Project/ece2072_project/proc.v Line: 111
        Info (176357): Destination node simple_proc:u_processor|opcode[1] File: C:/Users/mbcra/Documents/MONASH/main/ECE2072/Project/ece2072_project/proc.v Line: 111
        Info (176357): Destination node simple_proc:u_processor|RI_enable File: C:/Users/mbcra/Documents/MONASH/main/ECE2072/Project/ece2072_project/proc.v Line: 27
Info (176353): Automatically promoted node simple_proc:u_processor|Mux21~0  File: C:/Users/mbcra/Documents/MONASH/main/ECE2072/Project/ece2072_project/proc.v Line: 124
    Info (176355): Automatically promoted destinations to use location or clock signal Global Clock
Info (176233): Starting register packing
Info (176235): Finished register packing
    Extra Info (176219): No registers were packed into other blocks
Warning (15705): Ignored locations or region assignments to the following nodes
    Warning (15706): Node "ADC_CLK_10" is assigned to location or region, but does not exist in design
    Warning (15706): Node "ARDUINO_IO[10]" is assigned to location or region, but does not exist in design
    Warning (15706): Node "ARDUINO_IO[11]" is assigned to location or region, but does not exist in design
    Warning (15706): Node "ARDUINO_IO[12]" is assigned to location or region, but does not exist in design
    Warning (15706): Node "ARDUINO_IO[13]" is assigned to location or region, but does not exist in design
    Warning (15706): Node "ARDUINO_IO[14]" is assigned to location or region, but does not exist in design
    Warning (15706): Node "ARDUINO_IO[15]" is assigned to location or region, but does not exist in design
    Warning (15706): Node "ARDUINO_IO[2]" is assigned to location or region, but does not exist in design
    Warning (15706): Node "ARDUINO_IO[3]" is assigned to location or region, but does not exist in design
    Warning (15706): Node "ARDUINO_IO[4]" is assigned to location or region, but does not exist in design
    Warning (15706): Node "ARDUINO_IO[5]" is assigned to location or region, but does not exist in design
    Warning (15706): Node "ARDUINO_IO[6]" is assigned to location or region, but does not exist in design
    Warning (15706): Node "ARDUINO_IO[7]" is assigned to location or region, but does not exist in design
    Warning (15706): Node "ARDUINO_IO[8]" is assigned to location or region, but does not exist in design
    Warning (15706): Node "ARDUINO_IO[9]" is assigned to location or region, but does not exist in design
    Warning (15706): Node "ARDUINO_RESET_N" is assigned to location or region, but does not exist in design
    Warning (15706): Node "CLOCK_50" is assigned to location or region, but does not exist in design
    Warning (15706): Node "DRAM_ADDR[0]" is assigned to location or region, but does not exist in design
    Warning (15706): Node "DRAM_ADDR[10]" is assigned to location or region, but does not exist in design
    Warning (15706): Node "DRAM_ADDR[11]" is assigned to location or region, but does not exist in design
    Warning (15706): Node "DRAM_ADDR[12]" is assigned to location or region, but does not exist in design
    Warning (15706): Node "DRAM_ADDR[1]" is assigned to location or region, but does not exist in design
    Warning (15706): Node "DRAM_ADDR[2]" is assigned to location or region, but does not exist in design
    Warning (15706): Node "DRAM_ADDR[3]" is assigned to location or region, but does not exist in design
    Warning (15706): Node "DRAM_ADDR[4]" is assigned to location or region, but does not exist in design
    Warning (15706): Node "DRAM_ADDR[5]" is assigned to location or region, but does not exist in design
    Warning (15706): Node "DRAM_ADDR[6]" is assigned to location or region, but does not exist in design
    Warning (15706): Node "DRAM_ADDR[7]" is assigned to location or region, but does not exist in design
    Warning (15706): Node "DRAM_ADDR[8]" is assigned to location or region, but does not exist in design
    Warning (15706): Node "DRAM_ADDR[9]" is assigned to location or region, but does not exist in design
    Warning (15706): Node "DRAM_BA[0]" is assigned to location or region, but does not exist in design
    Warning (15706): Node "DRAM_BA[1]" is assigned to location or region, but does not exist in design
    Warning (15706): Node "DRAM_CAS_N" is assigned to location or region, but does not exist in design
    Warning (15706): Node "DRAM_CKE" is assigned to location or region, but does not exist in design
    Warning (15706): Node "DRAM_CLK" is assigned to location or region, but does not exist in design
    Warning (15706): Node "DRAM_CS_N" is assigned to location or region, but does not exist in design
    Warning (15706): Node "DRAM_DQ[0]" is assigned to location or region, but does not exist in design
    Warning (15706): Node "DRAM_DQ[10]" is assigned to location or region, but does not exist in design
    Warning (15706): Node "DRAM_DQ[11]" is assigned to location or region, but does not exist in design
    Warning (15706): Node "DRAM_DQ[12]" is assigned to location or region, but does not exist in design
    Warning (15706): Node "DRAM_DQ[13]" is assigned to location or region, but does not exist in design
    Warning (15706): Node "DRAM_DQ[14]" is assigned to location or region, but does not exist in design
    Warning (15706): Node "DRAM_DQ[15]" is assigned to location or region, but does not exist in design
    Warning (15706): Node "DRAM_DQ[1]" is assigned to location or region, but does not exist in design
    Warning (15706): Node "DRAM_DQ[2]" is assigned to location or region, but does not exist in design
    Warning (15706): Node "DRAM_DQ[3]" is assigned to location or region, but does not exist in design
    Warning (15706): Node "DRAM_DQ[4]" is assigned to location or region, but does not exist in design
    Warning (15706): Node "DRAM_DQ[5]" is assigned to location or region, but does not exist in design
    Warning (15706): Node "DRAM_DQ[6]" is assigned to location or region, but does not exist in design
    Warning (15706): Node "DRAM_DQ[7]" is assigned to location or region, but does not exist in design
    Warning (15706): Node "DRAM_DQ[8]" is assigned to location or region, but does not exist in design
    Warning (15706): Node "DRAM_DQ[9]" is assigned to location or region, but does not exist in design
    Warning (15706): Node "DRAM_LDQM" is assigned to location or region, but does not exist in design
    Warning (15706): Node "DRAM_RAS_N" is assigned to location or region, but does not exist in design
    Warning (15706): Node "DRAM_UDQM" is assigned to location or region, but does not exist in design
    Warning (15706): Node "DRAM_WE_N" is assigned to location or region, but does not exist in design
    Warning (15706): Node "GPIO[0]" is assigned to location or region, but does not exist in design
    Warning (15706): Node "GPIO[10]" is assigned to location or region, but does not exist in design
    Warning (15706): Node "GPIO[11]" is assigned to location or region, but does not exist in design
    Warning (15706): Node "GPIO[12]" is assigned to location or region, but does not exist in design
    Warning (15706): Node "GPIO[13]" is assigned to location or region, but does not exist in design
    Warning (15706): Node "GPIO[14]" is assigned to location or region, but does not exist in design
    Warning (15706): Node "GPIO[15]" is assigned to location or region, but does not exist in design
    Warning (15706): Node "GPIO[16]" is assigned to location or region, but does not exist in design
    Warning (15706): Node "GPIO[17]" is assigned to location or region, but does not exist in design
    Warning (15706): Node "GPIO[18]" is assigned to location or region, but does not exist in design
    Warning (15706): Node "GPIO[19]" is assigned to location or region, but does not exist in design
    Warning (15706): Node "GPIO[1]" is assigned to location or region, but does not exist in design
    Warning (15706): Node "GPIO[20]" is assigned to location or region, but does not exist in design
    Warning (15706): Node "GPIO[21]" is assigned to location or region, but does not exist in design
    Warning (15706): Node "GPIO[22]" is assigned to location or region, but does not exist in design
    Warning (15706): Node "GPIO[23]" is assigned to location or region, but does not exist in design
    Warning (15706): Node "GPIO[24]" is assigned to location or region, but does not exist in design
    Warning (15706): Node "GPIO[25]" is assigned to location or region, but does not exist in design
    Warning (15706): Node "GPIO[26]" is assigned to location or region, but does not exist in design
    Warning (15706): Node "GPIO[27]" is assigned to location or region, but does not exist in design
    Warning (15706): Node "GPIO[28]" is assigned to location or region, but does not exist in design
    Warning (15706): Node "GPIO[29]" is assigned to location or region, but does not exist in design
    Warning (15706): Node "GPIO[2]" is assigned to location or region, but does not exist in design
    Warning (15706): Node "GPIO[30]" is assigned to location or region, but does not exist in design
    Warning (15706): Node "GPIO[31]" is assigned to location or region, but does not exist in design
    Warning (15706): Node "GPIO[32]" is assigned to location or region, but does not exist in design
    Warning (15706): Node "GPIO[33]" is assigned to location or region, but does not exist in design
    Warning (15706): Node "GPIO[34]" is assigned to location or region, but does not exist in design
    Warning (15706): Node "GPIO[35]" is assigned to location or region, but does not exist in design
    Warning (15706): Node "GPIO[3]" is assigned to location or region, but does not exist in design
    Warning (15706): Node "GPIO[4]" is assigned to location or region, but does not exist in design
    Warning (15706): Node "GPIO[5]" is assigned to location or region, but does not exist in design
    Warning (15706): Node "GPIO[6]" is assigned to location or region, but does not exist in design
    Warning (15706): Node "GPIO[7]" is assigned to location or region, but does not exist in design
    Warning (15706): Node "GPIO[8]" is assigned to location or region, but does not exist in design
    Warning (15706): Node "GPIO[9]" is assigned to location or region, but does not exist in design
    Warning (15706): Node "GSENSOR_CS_N" is assigned to location or region, but does not exist in design
    Warning (15706): Node "GSENSOR_INT[1]" is assigned to location or region, but does not exist in design
    Warning (15706): Node "GSENSOR_INT[2]" is assigned to location or region, but does not exist in design
    Warning (15706): Node "GSENSOR_SCLK" is assigned to location or region, but does not exist in design
    Warning (15706): Node "GSENSOR_SDI" is assigned to location or region, but does not exist in design
    Warning (15706): Node "GSENSOR_SDO" is assigned to location or region, but does not exist in design
    Warning (15706): Node "HEX0[0]" is assigned to location or region, but does not exist in design
    Warning (15706): Node "HEX0[1]" is assigned to location or region, but does not exist in design
    Warning (15706): Node "HEX0[2]" is assigned to location or region, but does not exist in design
    Warning (15706): Node "HEX0[3]" is assigned to location or region, but does not exist in design
    Warning (15706): Node "HEX0[4]" is assigned to location or region, but does not exist in design
    Warning (15706): Node "HEX0[5]" is assigned to location or region, but does not exist in design
    Warning (15706): Node "HEX0[6]" is assigned to location or region, but does not exist in design
    Warning (15706): Node "HEX0[7]" is assigned to location or region, but does not exist in design
    Warning (15706): Node "HEX1[0]" is assigned to location or region, but does not exist in design
    Warning (15706): Node "HEX1[1]" is assigned to location or region, but does not exist in design
    Warning (15706): Node "HEX1[2]" is assigned to location or region, but does not exist in design
    Warning (15706): Node "HEX1[3]" is assigned to location or region, but does not exist in design
    Warning (15706): Node "HEX1[4]" is assigned to location or region, but does not exist in design
    Warning (15706): Node "HEX1[5]" is assigned to location or region, but does not exist in design
    Warning (15706): Node "HEX1[6]" is assigned to location or region, but does not exist in design
    Warning (15706): Node "HEX1[7]" is assigned to location or region, but does not exist in design
    Warning (15706): Node "HEX2[0]" is assigned to location or region, but does not exist in design
    Warning (15706): Node "HEX2[1]" is assigned to location or region, but does not exist in design
    Warning (15706): Node "HEX2[2]" is assigned to location or region, but does not exist in design
    Warning (15706): Node "HEX2[3]" is assigned to location or region, but does not exist in design
    Warning (15706): Node "HEX2[4]" is assigned to location or region, but does not exist in design
    Warning (15706): Node "HEX2[5]" is assigned to location or region, but does not exist in design
    Warning (15706): Node "HEX2[6]" is assigned to location or region, but does not exist in design
    Warning (15706): Node "HEX2[7]" is assigned to location or region, but does not exist in design
    Warning (15706): Node "HEX3[0]" is assigned to location or region, but does not exist in design
    Warning (15706): Node "HEX3[1]" is assigned to location or region, but does not exist in design
    Warning (15706): Node "HEX3[2]" is assigned to location or region, but does not exist in design
    Warning (15706): Node "HEX3[3]" is assigned to location or region, but does not exist in design
    Warning (15706): Node "HEX3[4]" is assigned to location or region, but does not exist in design
    Warning (15706): Node "HEX3[5]" is assigned to location or region, but does not exist in design
    Warning (15706): Node "HEX3[6]" is assigned to location or region, but does not exist in design
    Warning (15706): Node "HEX3[7]" is assigned to location or region, but does not exist in design
    Warning (15706): Node "HEX4[0]" is assigned to location or region, but does not exist in design
    Warning (15706): Node "HEX4[1]" is assigned to location or region, but does not exist in design
    Warning (15706): Node "HEX4[2]" is assigned to location or region, but does not exist in design
    Warning (15706): Node "HEX4[3]" is assigned to location or region, but does not exist in design
    Warning (15706): Node "HEX4[4]" is assigned to location or region, but does not exist in design
    Warning (15706): Node "HEX4[5]" is assigned to location or region, but does not exist in design
    Warning (15706): Node "HEX4[6]" is assigned to location or region, but does not exist in design
    Warning (15706): Node "HEX4[7]" is assigned to location or region, but does not exist in design
    Warning (15706): Node "HEX5[7]" is assigned to location or region, but does not exist in design
    Warning (15706): Node "MAX10_CLK2_50" is assigned to location or region, but does not exist in design
    Warning (15706): Node "SW[9]" is assigned to location or region, but does not exist in design
    Warning (15706): Node "UART_RXD" is assigned to location or region, but does not exist in design
    Warning (15706): Node "UART_TXD" is assigned to location or region, but does not exist in design
    Warning (15706): Node "VGA_B[0]" is assigned to location or region, but does not exist in design
    Warning (15706): Node "VGA_B[1]" is assigned to location or region, but does not exist in design
    Warning (15706): Node "VGA_B[2]" is assigned to location or region, but does not exist in design
    Warning (15706): Node "VGA_B[3]" is assigned to location or region, but does not exist in design
    Warning (15706): Node "VGA_G[0]" is assigned to location or region, but does not exist in design
    Warning (15706): Node "VGA_G[1]" is assigned to location or region, but does not exist in design
    Warning (15706): Node "VGA_G[2]" is assigned to location or region, but does not exist in design
    Warning (15706): Node "VGA_G[3]" is assigned to location or region, but does not exist in design
    Warning (15706): Node "VGA_HS" is assigned to location or region, but does not exist in design
    Warning (15706): Node "VGA_R[0]" is assigned to location or region, but does not exist in design
    Warning (15706): Node "VGA_R[1]" is assigned to location or region, but does not exist in design
    Warning (15706): Node "VGA_R[2]" is assigned to location or region, but does not exist in design
    Warning (15706): Node "VGA_R[3]" is assigned to location or region, but does not exist in design
    Warning (15706): Node "VGA_VS" is assigned to location or region, but does not exist in design
Info (171121): Fitter preparation operations ending: elapsed time is 00:00:01
Info (14896): Fitter has disabled Advanced Physical Optimization because it is not supported for the current family.
Info (170189): Fitter placement preparation operations beginning
Info (170190): Fitter placement preparation operations ending: elapsed time is 00:00:00
Info (170191): Fitter placement operations beginning
Info (170137): Fitter placement was successful
Info (170192): Fitter placement operations ending: elapsed time is 00:00:01
Info (170193): Fitter routing operations beginning
Info (170195): Router estimated average interconnect usage is 0% of the available device resources
    Info (170196): Router estimated peak interconnect usage is 6% of the available device resources in the region that extends from location X45_Y44 to location X55_Y54
Info (170199): The Fitter performed an Auto Fit compilation.  Optimizations were skipped to reduce compilation time.
    Info (170201): Optimizations that may affect the design's routability were skipped
Info (170194): Fitter routing operations ending: elapsed time is 00:00:01
Info (11888): Total time spent on timing analysis during the Fitter is 0.37 seconds.
Info (334003): Started post-fitting delay annotation
Info (334004): Delay annotation completed successfully
Info (334003): Started post-fitting delay annotation
Info (334004): Delay annotation completed successfully
Info (11218): Fitter post-fit operations ending: elapsed time is 00:00:01
Warning (171167): Found invalid Fitter assignments. See the Ignored Assignments panel in the Fitter Compilation Report for more information.
Warning (169177): 11 pins must meet Intel FPGA requirements for 3.3-, 3.0-, and 2.5-V interfaces. For more information, refer to AN 447: Interfacing MAX 10 Devices with 3.3/3.0/2.5-V LVTTL/LVCMOS I/O Systems.
    Info (169178): Pin KEY[0] uses I/O standard 3.3 V Schmitt Trigger at B8 File: C:/Users/mbcra/Documents/MONASH/main/ECE2072/Project/ece2072_project/proc_inst.v Line: 3
    Info (169178): Pin KEY[1] uses I/O standard 3.3 V Schmitt Trigger at A7 File: C:/Users/mbcra/Documents/MONASH/main/ECE2072/Project/ece2072_project/proc_inst.v Line: 3
    Info (169178): Pin SW[0] uses I/O standard 3.3-V LVTTL at C10 File: C:/Users/mbcra/Documents/MONASH/main/ECE2072/Project/ece2072_project/proc_inst.v Line: 2
    Info (169178): Pin SW[1] uses I/O standard 3.3-V LVTTL at C11 File: C:/Users/mbcra/Documents/MONASH/main/ECE2072/Project/ece2072_project/proc_inst.v Line: 2
    Info (169178): Pin SW[2] uses I/O standard 3.3-V LVTTL at D12 File: C:/Users/mbcra/Documents/MONASH/main/ECE2072/Project/ece2072_project/proc_inst.v Line: 2
    Info (169178): Pin SW[3] uses I/O standard 3.3-V LVTTL at C12 File: C:/Users/mbcra/Documents/MONASH/main/ECE2072/Project/ece2072_project/proc_inst.v Line: 2
    Info (169178): Pin SW[4] uses I/O standard 3.3-V LVTTL at A12 File: C:/Users/mbcra/Documents/MONASH/main/ECE2072/Project/ece2072_project/proc_inst.v Line: 2
    Info (169178): Pin SW[5] uses I/O standard 3.3-V LVTTL at B12 File: C:/Users/mbcra/Documents/MONASH/main/ECE2072/Project/ece2072_project/proc_inst.v Line: 2
    Info (169178): Pin SW[6] uses I/O standard 3.3-V LVTTL at A13 File: C:/Users/mbcra/Documents/MONASH/main/ECE2072/Project/ece2072_project/proc_inst.v Line: 2
    Info (169178): Pin SW[7] uses I/O standard 3.3-V LVTTL at A14 File: C:/Users/mbcra/Documents/MONASH/main/ECE2072/Project/ece2072_project/proc_inst.v Line: 2
    Info (169178): Pin SW[8] uses I/O standard 3.3-V LVTTL at B14 File: C:/Users/mbcra/Documents/MONASH/main/ECE2072/Project/ece2072_project/proc_inst.v Line: 2
Info (144001): Generated suppressed messages file C:/Users/mbcra/Documents/MONASH/main/ECE2072/Project/ece2072_project/output_files/ece2072_project_x72.fit.smsg
Info: Quartus Prime Fitter was successful. 0 errors, 166 warnings
    Info: Peak virtual memory: 5675 megabytes
    Info: Processing ended: Sat Oct 12 11:41:10 2024
    Info: Elapsed time: 00:00:09
    Info: Total CPU time (on all processors): 00:00:05


+----------------------------+
; Fitter Suppressed Messages ;
+----------------------------+
The suppressed messages can be found in C:/Users/mbcra/Documents/MONASH/main/ECE2072/Project/ece2072_project/output_files/ece2072_project_x72.fit.smsg.


